mcode,l_title,f_mchapter_id,l_type_nm,f_mchapter_nm
T1ME11U01001,"1, 2, 3, 4, 5 알아보기",14201779,탭)겨울방학특강,"1, 2, 3, 4, 5 알아보기"
T1ME11U01006,"1, 2, 3, 4, 5를 알아볼까요",14201779,기)교과서 진도학습,"1, 2, 3, 4, 5 알아보기"
T1ME11U01017,그림의 개수 세어 보기(1~5),14201779,탭)AI 약점 보완 학습,"1, 2, 3, 4, 5 알아보기"
T1ME11U01018,수 알아보기(1~5),14201779,탭)AI 약점 보완 학습,"1, 2, 3, 4, 5 알아보기"
T1ME11U01068,단원마무리,14201779,탭)영역별 집중 학습,"1, 2, 3, 4, 5 알아보기"
T1ME11U01069,몇인지 알아보기 (1),14201779,탭)단원별 보충 학습,"1, 2, 3, 4, 5 알아보기"
T1ME11U01003,순서 알아보기/수의 순서 알아보기,14201781,탭)겨울방학특강,9까지 수의 순서
T1ME11U01008,순서를 알아볼까요,14201781,기)교과서 진도학습,9까지 수의 순서
T1ME11U01021,몇째인지 알아보기,14201781,탭)AI 약점 보완 학습,9까지 수의 순서
T1ME11U01022,몇째에 있는 것 찾기,14201781,탭)AI 약점 보완 학습,9까지 수의 순서
T1ME11U01009,수의 순서를 알아볼까요,14201781,기)교과서 진도학습,9까지 수의 순서
T1ME11U01023,1~9까지 수의 순서,14201781,탭)AI 약점 보완 학습,9까지 수의 순서
T1ME11U01068,단원마무리,14201781,탭)영역별 집중 학습,9까지 수의 순서
T1ME11U01071,몇째인지 알아보기,14201781,탭)단원별 보충 학습,9까지 수의 순서
T1ME11U03004,덧셈하기(2),14201789,탭)겨울방학특강,덧셈
T1ME11U03004,덧셈하기(2),14201789,탭)겨울방학특강,덧셈
T1ME11U03003,덧셈 알아보기/덧셈하기(1),14201789,탭)겨울방학특강,덧셈
T1ME11U03003,덧셈 알아보기/덧셈하기(1),14201789,탭)겨울방학특강,덧셈
T1ME11U03088,단원마무리,14201789,탭)영역별 집중 학습,덧셈
T1ME11U03088,단원마무리,14201789,탭)영역별 집중 학습,덧셈
T1ME11U03092,"덧셈하기 (1), (2)",14201789,탭)단원별 보충 학습,덧셈
T1ME11U03092,"덧셈하기 (1), (2)",14201789,탭)단원별 보충 학습,덧셈
T1ME11U03096,덧셈과 뺄셈,14201789,탭)단원별 보충 학습,덧셈
T1ME11U03096,덧셈과 뺄셈,14201789,탭)단원별 보충 학습,덧셈
T1ME11U03028,여러 가지 방법으로 덧셈하기,14201789,탭)AI 약점 보완 학습,덧셈
T1ME11U03028,여러 가지 방법으로 덧셈하기,14201789,탭)AI 약점 보완 학습,덧셈
T1ME11U03013,덧셈을 해 볼까요,14201789,기)교과서 진도학습,덧셈
T1ME11U03013,덧셈을 해 볼까요,14201789,기)교과서 진도학습,덧셈
T1ME11U03029,그림을 보고 덧셈하기,14201789,탭)AI 약점 보완 학습,덧셈
T1ME11U03029,그림을 보고 덧셈하기,14201789,탭)AI 약점 보완 학습,덧셈
T1ME11U03012,덧셈을 알아볼까요,14201789,기)교과서 진도학습,덧셈
T1ME11U03012,덧셈을 알아볼까요,14201789,기)교과서 진도학습,덧셈
T1ME11U03026,그림을 보고 덧셈식으로 나타내기,14201789,탭)AI 약점 보완 학습,덧셈
T1ME11U03026,그림을 보고 덧셈식으로 나타내기,14201789,탭)AI 약점 보완 학습,덧셈
T1ME11U03025,6~9를 모으고 가르기,14201789,탭)AI 약점 보완 학습,덧셈
T1ME11U03025,6~9를 모으고 가르기,14201789,탭)AI 약점 보완 학습,덧셈
T1ME11U03027,덧셈식을 쓰고 읽기,14201789,탭)AI 약점 보완 학습,덧셈
T1ME11U03027,덧셈식을 쓰고 읽기,14201789,탭)AI 약점 보완 학습,덧셈
T1ME11U03035,선택한 수가 계산한 값이 되는 덧셈식 만들기,14201789,탭)AI 약점 보완 학습,덧셈
T1ME11U03035,선택한 수가 계산한 값이 되는 덧셈식 만들기,14201789,탭)AI 약점 보완 학습,덧셈
T1ME21U01004,수의 크기 비교하기,14201806,탭)겨울방학특강,두 수의 크기 비교
T1ME21U01011,수의 크기를 비교해 볼까요,14201806,기)교과서 진도학습,두 수의 크기 비교
T1ME21U01026,세 자리 수의 크기 비교하기,14201806,탭)AI 약점 보완 학습,두 수의 크기 비교
T1ME21U01069,세 자리 수의 크기 비교,14201806,탭)단원별 보충 학습,두 수의 크기 비교
T1ME21U01065,단원마무리,14201806,탭)영역별 집중 학습,두 수의 크기 비교
T1ME11U03006,뺄셈하기(2),14201790,탭)겨울방학특강,뺄셈
T1ME11U03006,뺄셈하기(2),14201790,탭)겨울방학특강,뺄셈
T1ME11U03005,뺄셈 알아보기/뺄셈하기(1),14201790,탭)겨울방학특강,뺄셈
T1ME11U03005,뺄셈 알아보기/뺄셈하기(1),14201790,탭)겨울방학특강,뺄셈
T1ME11U03088,단원마무리,14201790,탭)영역별 집중 학습,뺄셈
T1ME11U03088,단원마무리,14201790,탭)영역별 집중 학습,뺄셈
T1ME11U03093,빼기로 나타내기,14201790,탭)단원별 보충 학습,뺄셈
T1ME11U03093,빼기로 나타내기,14201790,탭)단원별 보충 학습,뺄셈
T1ME11U03094,"뺄셈하기 (1), (2)",14201790,탭)단원별 보충 학습,뺄셈
T1ME11U03094,"뺄셈하기 (1), (2)",14201790,탭)단원별 보충 학습,뺄셈
T1ME11U03095,0을 더하거나 빼기,14201790,탭)단원별 보충 학습,뺄셈
T1ME11U03095,0을 더하거나 빼기,14201790,탭)단원별 보충 학습,뺄셈
T1ME11U03015,뺄셈을 해 볼까요,14201790,기)교과서 진도학습,뺄셈
T1ME11U03015,뺄셈을 해 볼까요,14201790,기)교과서 진도학습,뺄셈
T1ME11U03032,여러 가지 방법으로 뺄셈하기,14201790,탭)AI 약점 보완 학습,뺄셈
T1ME11U03032,여러 가지 방법으로 뺄셈하기,14201790,탭)AI 약점 보완 학습,뺄셈
T1ME11U03033,그림을 보고 뺄셈하기,14201790,탭)AI 약점 보완 학습,뺄셈
T1ME11U03033,그림을 보고 뺄셈하기,14201790,탭)AI 약점 보완 학습,뺄셈
T1ME11U03014,뺄셈을 알아볼까요,14201790,기)교과서 진도학습,뺄셈
T1ME11U03014,뺄셈을 알아볼까요,14201790,기)교과서 진도학습,뺄셈
T1ME11U03030,그림을 보고 뺄셈식으로 나타내기,14201790,탭)AI 약점 보완 학습,뺄셈
T1ME11U03030,그림을 보고 뺄셈식으로 나타내기,14201790,탭)AI 약점 보완 학습,뺄셈
T1ME11U03031,뺄셈식을 쓰고 읽기,14201790,탭)AI 약점 보완 학습,뺄셈
T1ME11U03031,뺄셈식을 쓰고 읽기,14201790,탭)AI 약점 보완 학습,뺄셈
T1ME11U03007,0이 있는 덧셈과 뺄셈,14201791,탭)겨울방학특강,덧셈과 뺄셈
T1ME11U03008,덧셈과 뺄셈하기,14201791,탭)겨울방학특강,덧셈과 뺄셈
T1ME11U03088,단원마무리,14201791,탭)영역별 집중 학습,덧셈과 뺄셈
T1ME11U03096,덧셈과 뺄셈,14201791,탭)단원별 보충 학습,덧셈과 뺄셈
T1ME11U03015,뺄셈을 해 볼까요,14201791,기)교과서 진도학습,덧셈과 뺄셈
T1ME11U03032,여러 가지 방법으로 뺄셈하기,14201791,탭)AI 약점 보완 학습,덧셈과 뺄셈
T1ME11U03016,0이 있는 덧셈과 뺄셈을 해 볼까요,14201791,기)교과서 진도학습,덧셈과 뺄셈
T1ME11U03034,0이 있는 덧셈,14201791,탭)AI 약점 보완 학습,덧셈과 뺄셈
T1ME11U03017,덧셈과 뺄셈을 해 볼까요,14201791,기)교과서 진도학습,덧셈과 뺄셈
T1ME11U03035,선택한 수가 계산한 값이 되는 덧셈식 만들기,14201791,탭)AI 약점 보완 학습,덧셈과 뺄셈
T1ME11U03036,선택한 수가 계산한 값이 되는 뺄셈식 만들기,14201791,탭)AI 약점 보완 학습,덧셈과 뺄셈
T1ME11U05002,모으기와 가르기,14201799,탭)겨울방학특강,십몇 알아보기
T1ME11U05002,모으기와 가르기,14201799,탭)겨울방학특강,십몇 알아보기
T1ME11U05001,9 다음 수 알아보기/십몇 알아보기,14201799,탭)겨울방학특강,십몇 알아보기
T1ME11U05001,9 다음 수 알아보기/십몇 알아보기,14201799,탭)겨울방학특강,십몇 알아보기
T1ME11U05076,"10 알아보기, 십몇 알아보기",14201799,탭)단원별 보충 학습,십몇 알아보기
T1ME11U05076,"10 알아보기, 십몇 알아보기",14201799,탭)단원별 보충 학습,십몇 알아보기
T1ME11U05077,모으기와 가르기,14201799,탭)단원별 보충 학습,십몇 알아보기
T1ME11U05077,모으기와 가르기,14201799,탭)단원별 보충 학습,십몇 알아보기
T1ME11U05007,십몇을 알아볼까요,14201799,기)교과서 진도학습,십몇 알아보기
T1ME11U05007,십몇을 알아볼까요,14201799,기)교과서 진도학습,십몇 알아보기
T1ME11U05018,19까지의 수를 쓰고 읽기,14201799,탭)AI 약점 보완 학습,십몇 알아보기
T1ME11U05018,19까지의 수를 쓰고 읽기,14201799,탭)AI 약점 보완 학습,십몇 알아보기
T1ME11U05019,그림을 보고 19까지의 수 알아보기,14201799,탭)AI 약점 보완 학습,십몇 알아보기
T1ME11U05019,그림을 보고 19까지의 수 알아보기,14201799,탭)AI 약점 보완 학습,십몇 알아보기
T1ME11U05008,모으기와 가르기를 해 볼까요,14201799,기)교과서 진도학습,십몇 알아보기
T1ME11U05008,모으기와 가르기를 해 볼까요,14201799,기)교과서 진도학습,십몇 알아보기
T1ME11U05020,그림을 보고 19까지의 수를 모으기와 가르기 하기,14201799,탭)AI 약점 보완 학습,십몇 알아보기
T1ME11U05020,그림을 보고 19까지의 수를 모으기와 가르기 하기,14201799,탭)AI 약점 보완 학습,십몇 알아보기
T1ME11U05021,19까지의 수를 모으기와 가르기 하기,14201799,탭)AI 약점 보완 학습,십몇 알아보기
T1ME11U05021,19까지의 수를 모으기와 가르기 하기,14201799,탭)AI 약점 보완 학습,십몇 알아보기
T1ME11U05003,10개씩 묶어 세기/50까지의 수 세기,14201800,탭)겨울방학특강,몇십과 몇십몇을 알아보기
T1ME11U05001,9 다음 수 알아보기/십몇 알아보기,14201800,탭)겨울방학특강,몇십과 몇십몇을 알아보기
T1ME11U05075,단원마무리,14201800,탭)영역별 집중 학습,몇십과 몇십몇을 알아보기
T1ME11U05078,10개씩 묶어 세기,14201800,탭)단원별 보충 학습,몇십과 몇십몇을 알아보기
T1ME11U05079,50까지의 수 세기,14201800,탭)단원별 보충 학습,몇십과 몇십몇을 알아보기
T1ME11U05009,10개씩 묶어 세어 볼까요,14201800,기)교과서 진도학습,몇십과 몇십몇을 알아보기
T1ME11U05022,몇십(10~50) 알아보기,14201800,탭)AI 약점 보완 학습,몇십과 몇십몇을 알아보기
T1ME11U05010,50까지의 수를 세어 볼까요,14201800,기)교과서 진도학습,몇십과 몇십몇을 알아보기
T1ME11U05024,묶음과 낱개를 이용하여 몇십몇 알아보기,14201800,탭)AI 약점 보완 학습,몇십과 몇십몇을 알아보기
T1ME11U05025,몇십몇을 쓰고 읽기,14201800,탭)AI 약점 보완 학습,몇십과 몇십몇을 알아보기
T1ME21U01001,백 알아보기/몇백 알아보기,14201803,탭)겨울방학특강,백과 몇백 알아보기
T1ME21U01006,백을 알아볼까요,14201803,기)교과서 진도학습,백과 몇백 알아보기
T1ME21U01016,백을 읽고 쓰기,14201803,탭)AI 약점 보완 학습,백과 몇백 알아보기
T1ME21U01017,여러 가지 방법으로 100 나타내기,14201803,탭)AI 약점 보완 학습,백과 몇백 알아보기
T1ME21U01007,몇백을 알아볼까요,14201803,기)교과서 진도학습,백과 몇백 알아보기
T1ME21U01019,몇백 알아보기,14201803,탭)AI 약점 보완 학습,백과 몇백 알아보기
T1ME21U01018,몇백 쓰고 읽기,14201803,탭)AI 약점 보완 학습,백과 몇백 알아보기
T1ME21U01066,"90보다 10만큼 더 큰 수, 몇백",14201803,탭)단원별 보충 학습,백과 몇백 알아보기
T1ME21U01065,단원마무리,14201803,탭)영역별 집중 학습,백과 몇백 알아보기
T1ME21U02003,칠교판으로 모양 만들기,14201807,탭)겨울방학특강,도형
T1ME21U02003,칠교판으로 모양 만들기,14201807,탭)겨울방학특강,도형
T1ME21U02003,칠교판으로 모양 만들기,14201807,탭)겨울방학특강,도형
T1ME21U02001,○과 △ 알아보기,14201807,탭)겨울방학특강,도형
T1ME21U02001,○과 △ 알아보기,14201807,탭)겨울방학특강,도형
T1ME21U02001,○과 △ 알아보기,14201807,탭)겨울방학특강,도형
T1ME21U02002,□ 알아보기,14201807,탭)겨울방학특강,도형
T1ME21U02002,□ 알아보기,14201807,탭)겨울방학특강,도형
T1ME21U02002,□ 알아보기,14201807,탭)겨울방학특강,도형
T1ME21U02006,△을 알아보고 찾아볼까요,14201807,기)교과서 진도학습,도형
T1ME21U02006,△을 알아보고 찾아볼까요,14201807,기)교과서 진도학습,도형
T1ME21U02006,△을 알아보고 찾아볼까요,14201807,기)교과서 진도학습,도형
T1ME21U02015,삼각형 알아보기,14201807,탭)AI 약점 보완 학습,도형
T1ME21U02015,삼각형 알아보기,14201807,탭)AI 약점 보완 학습,도형
T1ME21U02015,삼각형 알아보기,14201807,탭)AI 약점 보완 학습,도형
T1ME21U02016,삼각형 찾아보기,14201807,탭)AI 약점 보완 학습,도형
T1ME21U02016,삼각형 찾아보기,14201807,탭)AI 약점 보완 학습,도형
T1ME21U02016,삼각형 찾아보기,14201807,탭)AI 약점 보완 학습,도형
T1ME21U02008,○을 알아보고 찾아볼까요,14201807,기)교과서 진도학습,도형
T1ME21U02008,○을 알아보고 찾아볼까요,14201807,기)교과서 진도학습,도형
T1ME21U02008,○을 알아보고 찾아볼까요,14201807,기)교과서 진도학습,도형
T1ME21U02019,원 알아보기,14201807,탭)AI 약점 보완 학습,도형
T1ME21U02019,원 알아보기,14201807,탭)AI 약점 보완 학습,도형
T1ME21U02019,원 알아보기,14201807,탭)AI 약점 보완 학습,도형
T1ME21U02020,원 찾아보기,14201807,탭)AI 약점 보완 학습,도형
T1ME21U02020,원 찾아보기,14201807,탭)AI 약점 보완 학습,도형
T1ME21U02020,원 찾아보기,14201807,탭)AI 약점 보완 학습,도형
T1ME21U02009,칠교판으로 모양을 만들어 볼까요,14201807,기)교과서 진도학습,도형
T1ME21U02009,칠교판으로 모양을 만들어 볼까요,14201807,기)교과서 진도학습,도형
T1ME21U02009,칠교판으로 모양을 만들어 볼까요,14201807,기)교과서 진도학습,도형
T1ME21U02021,칠교판 조각 알아보기,14201807,탭)AI 약점 보완 학습,도형
T1ME21U02021,칠교판 조각 알아보기,14201807,탭)AI 약점 보완 학습,도형
T1ME21U02021,칠교판 조각 알아보기,14201807,탭)AI 약점 보완 학습,도형
T1ME21U02056,"삼각형, 사각형 알아보기",14201807,탭)단원별 보충 학습,도형
T1ME21U02056,"삼각형, 사각형 알아보기",14201807,탭)단원별 보충 학습,도형
T1ME21U02056,"삼각형, 사각형 알아보기",14201807,탭)단원별 보충 학습,도형
T1ME21U02057,원 알아보기,14201807,탭)단원별 보충 학습,도형
T1ME21U02057,원 알아보기,14201807,탭)단원별 보충 학습,도형
T1ME21U02057,원 알아보기,14201807,탭)단원별 보충 학습,도형
T1ME21U02055,단원마무리,14201807,탭)영역별 집중 학습,도형
T1ME21U02055,단원마무리,14201807,탭)영역별 집중 학습,도형
T1ME21U02055,단원마무리,14201807,탭)영역별 집중 학습,도형
T1ME21U02058,칠교판으로 모양 만들기,14201807,탭)단원별 보충 학습,도형
T1ME21U02058,칠교판으로 모양 만들기,14201807,탭)단원별 보충 학습,도형
T1ME21U02058,칠교판으로 모양 만들기,14201807,탭)단원별 보충 학습,도형
T1ME21U02007,□을 알아보고 찾아볼까요,14201807,기)교과서 진도학습,도형
T1ME21U02007,□을 알아보고 찾아볼까요,14201807,기)교과서 진도학습,도형
T1ME21U02007,□을 알아보고 찾아볼까요,14201807,기)교과서 진도학습,도형
T1ME21U02017,사각형 알아보기,14201807,탭)AI 약점 보완 학습,도형
T1ME21U02017,사각형 알아보기,14201807,탭)AI 약점 보완 학습,도형
T1ME21U02017,사각형 알아보기,14201807,탭)AI 약점 보완 학습,도형
T1ME21U02018,사각형 찾아보기,14201807,탭)AI 약점 보완 학습,도형
T1ME21U02018,사각형 찾아보기,14201807,탭)AI 약점 보완 학습,도형
T1ME21U02018,사각형 찾아보기,14201807,탭)AI 약점 보완 학습,도형
T1ME21U03001,여러 가지 방법으로 덧셈해 보기(1),14201809,탭)겨울방학특강,덧셈
T1ME21U03002,여러 가지 방법으로 덧셈해 보기(2),14201809,탭)겨울방학특강,덧셈
T1ME21U03003,덧셈하기,14201809,탭)겨울방학특강,덧셈
T1ME21U03091,단원마무리,14201809,탭)영역별 집중 학습,덧셈
T1ME21U03092,"덧셈하기 (1), (2)",14201809,탭)단원별 보충 학습,덧셈
T1ME21U03093,"덧셈하기 (3), 여러 가지 방법으로 덧셈하기",14201809,탭)단원별 보충 학습,덧셈
T1ME21U03010,여러 가지 방법으로 덧셈을 해 볼까요(1),14201809,기)교과서 진도학습,덧셈
T1ME21U03023,받아올림이 있는 (두 자리 수)+(한 자리 수),14201809,탭)AI 약점 보완 학습,덧셈
T1ME21U03024,받아올림이 있는 (두 자리 수)+(한 자리 수) 활용,14201809,탭)AI 약점 보완 학습,덧셈
T1ME21U03011,여러 가지 방법으로 덧셈을 해 볼까요(2),14201809,기)교과서 진도학습,덧셈
T1ME21U03025,일의 자리에서 받아올림이 있는 (두 자리 수)+(두 자리 수),14201809,탭)AI 약점 보완 학습,덧셈
T1ME21U03026,일의 자리에서 받아올림이 있는 (두 자리 수)+(두 자리 수) 활용,14201809,탭)AI 약점 보완 학습,덧셈
T1ME21U03012,덧셈을 해 볼까요,14201809,기)교과서 진도학습,덧셈
T1ME21U03027,십의 자리에서 받아올림이 있는 (두 자리 수)+(두 자리 수),14201809,탭)AI 약점 보완 학습,덧셈
T1ME21U03028,십의 자리에서 받아올림이 있는 (두 자리 수)+(두 자리 수) 활용,14201809,탭)AI 약점 보완 학습,덧셈
T1ME11U02001,여러 가지 모양 찾아보기,14201784,탭)겨울방학특강,여러 가지 모양 찾아보기
T1ME11U02008,모양 찾기 놀이를 해 볼까요,14201784,기)교과서 진도학습,여러 가지 모양 찾아보기
T1ME11U02019,여러 가지 모양의 물건 찾기,14201784,탭)AI 약점 보완 학습,여러 가지 모양 찾아보기
T1ME11U02005,여러 가지 모양을 찾아볼까요,14201784,기)교과서 진도학습,여러 가지 모양 찾아보기
T1ME11U02013,같은 모양의 물건 찾기,14201784,탭)AI 약점 보완 학습,여러 가지 모양 찾아보기
T1ME11U02014,주어진 모양과 같은 물건 찾기,14201784,탭)AI 약점 보완 학습,여러 가지 모양 찾아보기
T1ME11U02046,여러 가지 모양 찾아보기,14201784,탭)단원별 보충 학습,여러 가지 모양 찾아보기
T1ME11U02048,여러 가지 모양으로 만들기,14201784,탭)단원별 보충 학습,여러 가지 모양 찾아보기
T1ME11U02045,단원마무리,14201784,탭)영역별 집중 학습,여러 가지 모양 찾아보기
T1ME21U01003,뛰어 세기,14201805,탭)겨울방학특강,뛰어 세기
T1ME21U01010,뛰어 세어 볼까요,14201805,기)교과서 진도학습,뛰어 세기
T1ME21U01025,수 배열표에서 수의 순서 알아보기,14201805,탭)AI 약점 보완 학습,뛰어 세기
T1ME21U01024,"100씩, 10씩, 1씩 뛰어 세기",14201805,탭)AI 약점 보완 학습,뛰어 세기
T1ME21U01065,단원마무리,14201805,탭)영역별 집중 학습,뛰어 세기
T1ME21U03004,여러 가지 방법으로 뺄셈해 보기(1),14201810,탭)겨울방학특강,뺄셈
T1ME21U03004,여러 가지 방법으로 뺄셈해 보기(1),14201810,탭)겨울방학특강,뺄셈
T1ME21U03004,여러 가지 방법으로 뺄셈해 보기(1),14201810,탭)겨울방학특강,뺄셈
T1ME21U03005,여러 가지 방법으로 뺄셈해 보기(2),14201810,탭)겨울방학특강,뺄셈
T1ME21U03005,여러 가지 방법으로 뺄셈해 보기(2),14201810,탭)겨울방학특강,뺄셈
T1ME21U03005,여러 가지 방법으로 뺄셈해 보기(2),14201810,탭)겨울방학특강,뺄셈
T1ME21U03006,뺄셈하기,14201810,탭)겨울방학특강,뺄셈
T1ME21U03006,뺄셈하기,14201810,탭)겨울방학특강,뺄셈
T1ME21U03006,뺄셈하기,14201810,탭)겨울방학특강,뺄셈
T1ME21U03094,"뺄셈하기 (1), (2)",14201810,탭)단원별 보충 학습,뺄셈
T1ME21U03094,"뺄셈하기 (1), (2)",14201810,탭)단원별 보충 학습,뺄셈
T1ME21U03094,"뺄셈하기 (1), (2)",14201810,탭)단원별 보충 학습,뺄셈
T1ME21U03091,단원마무리,14201810,탭)영역별 집중 학습,뺄셈
T1ME21U03091,단원마무리,14201810,탭)영역별 집중 학습,뺄셈
T1ME21U03091,단원마무리,14201810,탭)영역별 집중 학습,뺄셈
T1ME21U03095,"뺄셈하기 (3), 여러 가지 방법으로 뺄셈하기",14201810,탭)단원별 보충 학습,뺄셈
T1ME21U03095,"뺄셈하기 (3), 여러 가지 방법으로 뺄셈하기",14201810,탭)단원별 보충 학습,뺄셈
T1ME21U03095,"뺄셈하기 (3), 여러 가지 방법으로 뺄셈하기",14201810,탭)단원별 보충 학습,뺄셈
T1ME21U03013,여러 가지 방법으로 뺄셈을 해 볼까요(1),14201810,기)교과서 진도학습,뺄셈
T1ME21U03013,여러 가지 방법으로 뺄셈을 해 볼까요(1),14201810,기)교과서 진도학습,뺄셈
T1ME21U03013,여러 가지 방법으로 뺄셈을 해 볼까요(1),14201810,기)교과서 진도학습,뺄셈
T1ME21U03029,받아내림이 있는 (두 자리 수)-(한 자리 수),14201810,탭)AI 약점 보완 학습,뺄셈
T1ME21U03029,받아내림이 있는 (두 자리 수)-(한 자리 수),14201810,탭)AI 약점 보완 학습,뺄셈
T1ME21U03029,받아내림이 있는 (두 자리 수)-(한 자리 수),14201810,탭)AI 약점 보완 학습,뺄셈
T1ME21U03030,받아내림이 있는 (두 자리 수)-(한 자리 수)의 활용,14201810,탭)AI 약점 보완 학습,뺄셈
T1ME21U03030,받아내림이 있는 (두 자리 수)-(한 자리 수)의 활용,14201810,탭)AI 약점 보완 학습,뺄셈
T1ME21U03030,받아내림이 있는 (두 자리 수)-(한 자리 수)의 활용,14201810,탭)AI 약점 보완 학습,뺄셈
T1ME21U03014,여러 가지 방법으로 뺄셈을 해 볼까요(2),14201810,기)교과서 진도학습,뺄셈
T1ME21U03014,여러 가지 방법으로 뺄셈을 해 볼까요(2),14201810,기)교과서 진도학습,뺄셈
T1ME21U03014,여러 가지 방법으로 뺄셈을 해 볼까요(2),14201810,기)교과서 진도학습,뺄셈
T1ME21U03031,받아내림이 있는 (몇십)-(몇십몇),14201810,탭)AI 약점 보완 학습,뺄셈
T1ME21U03031,받아내림이 있는 (몇십)-(몇십몇),14201810,탭)AI 약점 보완 학습,뺄셈
T1ME21U03031,받아내림이 있는 (몇십)-(몇십몇),14201810,탭)AI 약점 보완 학습,뺄셈
T1ME21U03032,받아내림이 있는 (몇십)-(몇십몇) 활용,14201810,탭)AI 약점 보완 학습,뺄셈
T1ME21U03032,받아내림이 있는 (몇십)-(몇십몇) 활용,14201810,탭)AI 약점 보완 학습,뺄셈
T1ME21U03032,받아내림이 있는 (몇십)-(몇십몇) 활용,14201810,탭)AI 약점 보완 학습,뺄셈
T1ME21U03015,뺄셈을 해 볼까요,14201810,기)교과서 진도학습,뺄셈
T1ME21U03015,뺄셈을 해 볼까요,14201810,기)교과서 진도학습,뺄셈
T1ME21U03015,뺄셈을 해 볼까요,14201810,기)교과서 진도학습,뺄셈
T1ME21U03033,받아내림이 있는 (두 자리 수)-(두 자리 수),14201810,탭)AI 약점 보완 학습,뺄셈
T1ME21U03033,받아내림이 있는 (두 자리 수)-(두 자리 수),14201810,탭)AI 약점 보완 학습,뺄셈
T1ME21U03033,받아내림이 있는 (두 자리 수)-(두 자리 수),14201810,탭)AI 약점 보완 학습,뺄셈
T1ME21U03034,받아내림이 있는 (두 자리 수)-(두 자리 수) 활용,14201810,탭)AI 약점 보완 학습,뺄셈
T1ME21U03034,받아내림이 있는 (두 자리 수)-(두 자리 수) 활용,14201810,탭)AI 약점 보완 학습,뺄셈
T1ME21U03034,받아내림이 있는 (두 자리 수)-(두 자리 수) 활용,14201810,탭)AI 약점 보완 학습,뺄셈
T1ME11U02003,여러 가지 모양으로 만들어 보기,14201785,탭)겨울방학특강,여러 가지 모양 알아보기
T1ME11U02003,여러 가지 모양으로 만들어 보기,14201785,탭)겨울방학특강,여러 가지 모양 알아보기
T1ME11U02002,여러 가지 모양 알아보기,14201785,탭)겨울방학특강,여러 가지 모양 알아보기
T1ME11U02002,여러 가지 모양 알아보기,14201785,탭)겨울방학특강,여러 가지 모양 알아보기
T1ME11U02008,모양 찾기 놀이를 해 볼까요,14201785,기)교과서 진도학습,여러 가지 모양 알아보기
T1ME11U02008,모양 찾기 놀이를 해 볼까요,14201785,기)교과서 진도학습,여러 가지 모양 알아보기
T1ME11U02019,여러 가지 모양의 물건 찾기,14201785,탭)AI 약점 보완 학습,여러 가지 모양 알아보기
T1ME11U02019,여러 가지 모양의 물건 찾기,14201785,탭)AI 약점 보완 학습,여러 가지 모양 알아보기
T1ME11U02006,여러 가지 모양을 알아볼까요,14201785,기)교과서 진도학습,여러 가지 모양 알아보기
T1ME11U02006,여러 가지 모양을 알아볼까요,14201785,기)교과서 진도학습,여러 가지 모양 알아보기
T1ME11U02015,설명하는 모양의 물건 찾기,14201785,탭)AI 약점 보완 학습,여러 가지 모양 알아보기
T1ME11U02015,설명하는 모양의 물건 찾기,14201785,탭)AI 약점 보완 학습,여러 가지 모양 알아보기
T1ME11U02016,설명하는 모양 찾기,14201785,탭)AI 약점 보완 학습,여러 가지 모양 알아보기
T1ME11U02016,설명하는 모양 찾기,14201785,탭)AI 약점 보완 학습,여러 가지 모양 알아보기
T1ME11U02007,여러 가지 모양으로 만들어 볼까요,14201785,기)교과서 진도학습,여러 가지 모양 알아보기
T1ME11U02007,여러 가지 모양으로 만들어 볼까요,14201785,기)교과서 진도학습,여러 가지 모양 알아보기
T1ME11U02017,사용한 모양의 수 알아보기(입체도형),14201785,탭)AI 약점 보완 학습,여러 가지 모양 알아보기
T1ME11U02017,사용한 모양의 수 알아보기(입체도형),14201785,탭)AI 약점 보완 학습,여러 가지 모양 알아보기
T1ME11U02018,사용한 모양의 수 알아보기 활용(입체도형),14201785,탭)AI 약점 보완 학습,여러 가지 모양 알아보기
T1ME11U02018,사용한 모양의 수 알아보기 활용(입체도형),14201785,탭)AI 약점 보완 학습,여러 가지 모양 알아보기
T1ME11U02047,여러 가지 모양 알아보기,14201785,탭)단원별 보충 학습,여러 가지 모양 알아보기
T1ME11U02047,여러 가지 모양 알아보기,14201785,탭)단원별 보충 학습,여러 가지 모양 알아보기
T1ME11U02048,여러 가지 모양으로 만들기,14201785,탭)단원별 보충 학습,여러 가지 모양 알아보기
T1ME11U02048,여러 가지 모양으로 만들기,14201785,탭)단원별 보충 학습,여러 가지 모양 알아보기
T1ME11U02045,단원마무리,14201785,탭)영역별 집중 학습,여러 가지 모양 알아보기
T1ME11U02045,단원마무리,14201785,탭)영역별 집중 학습,여러 가지 모양 알아보기
T1ME21U01002,세 자리 수/각 자리의 숫자가 나타내는 값 알아보기,14201804,탭)겨울방학특강,세 자리 수 알아보기
T1ME21U01008,세 자리 수를 알아볼까요,14201804,기)교과서 진도학습,세 자리 수 알아보기
T1ME21U01020,세 자리 수 쓰고 읽기,14201804,탭)AI 약점 보완 학습,세 자리 수 알아보기
T1ME21U01021,세 자리 수 나타내기,14201804,탭)AI 약점 보완 학습,세 자리 수 알아보기
T1ME21U01009,각 자리의 숫자는 얼마를 나타낼까요,14201804,기)교과서 진도학습,세 자리 수 알아보기
T1ME21U01022,세 자리 수에서 각 자리 수가 나타내는 수 알아보기,14201804,탭)AI 약점 보완 학습,세 자리 수 알아보기
T1ME21U01023,세 자리 수를 '(몇백)+(몇십)+(몇)'으로 나타내기,14201804,탭)AI 약점 보완 학습,세 자리 수 알아보기
T1ME21U01067,"세 자리 수 알아보기, 각 자리의 숫자가 나타내는 값",14201804,탭)단원별 보충 학습,세 자리 수 알아보기
T1ME21U01065,단원마무리,14201804,탭)영역별 집중 학습,세 자리 수 알아보기
T1ME21U02004,쌓은 모양 알아보기/여러 가지 모양으로 쌓기,14201808,탭)겨울방학특강,쌓기나무
T1ME21U02010,"쌓은 모양을 알아보고, 여러 가지 모양으로 쌓아 볼까요",14201808,기)교과서 진도학습,쌓기나무
T1ME21U02022,쌓기나무의 쌓은 모양을 설명하는 말 알아보기,14201808,탭)AI 약점 보완 학습,쌓기나무
T1ME21U02023,여러 가지 모양으로 쌓아 보기,14201808,탭)AI 약점 보완 학습,쌓기나무
T1ME21U02059,"똑같은 모양으로 쌓기, 여러 가지 모양으로 쌓기",14201808,탭)단원별 보충 학습,쌓기나무
T1ME21U02055,단원마무리,14201808,탭)영역별 집중 학습,쌓기나무
T1ME11U03001,모으기와 가르기(1),14201786,탭)겨울방학특강,"2, 3, 4, 5를 모으고 가르기"
T1ME11U03001,모으기와 가르기(1),14201786,탭)겨울방학특강,"2, 3, 4, 5를 모으고 가르기"
T1ME11U03002,모으기와 가르기(2),14201786,탭)겨울방학특강,"2, 3, 4, 5를 모으고 가르기"
T1ME11U03002,모으기와 가르기(2),14201786,탭)겨울방학특강,"2, 3, 4, 5를 모으고 가르기"
T1ME11U03088,단원마무리,14201786,탭)영역별 집중 학습,"2, 3, 4, 5를 모으고 가르기"
T1ME11U03088,단원마무리,14201786,탭)영역별 집중 학습,"2, 3, 4, 5를 모으고 가르기"
T1ME11U03089,모으기와 가르기 (1),14201786,탭)단원별 보충 학습,"2, 3, 4, 5를 모으고 가르기"
T1ME11U03089,모으기와 가르기 (1),14201786,탭)단원별 보충 학습,"2, 3, 4, 5를 모으고 가르기"
T1ME21U06062,몇의 몇 배 알아보기,14201786,탭)단원별 보충 학습,"2, 3, 4, 5를 모으고 가르기"
T1ME21U06062,몇의 몇 배 알아보기,14201786,탭)단원별 보충 학습,"2, 3, 4, 5를 모으고 가르기"
T1ME11U03010,모으기와 가르기를 해 볼까요(1),14201786,기)교과서 진도학습,"2, 3, 4, 5를 모으고 가르기"
T1ME11U03010,모으기와 가르기를 해 볼까요(1),14201786,기)교과서 진도학습,"2, 3, 4, 5를 모으고 가르기"
T1ME11U03022,그림을 보고 2~5를 모으고 가르기,14201786,탭)AI 약점 보완 학습,"2, 3, 4, 5를 모으고 가르기"
T1ME11U03022,그림을 보고 2~5를 모으고 가르기,14201786,탭)AI 약점 보완 학습,"2, 3, 4, 5를 모으고 가르기"
T1ME11U03023,그림을 보고 6~9를 모으고 가르기,14201786,탭)AI 약점 보완 학습,"2, 3, 4, 5를 모으고 가르기"
T1ME11U03023,그림을 보고 6~9를 모으고 가르기,14201786,탭)AI 약점 보완 학습,"2, 3, 4, 5를 모으고 가르기"
T1ME11U03011,모으기와 가르기를 해 볼까요(2),14201786,기)교과서 진도학습,"2, 3, 4, 5를 모으고 가르기"
T1ME11U03011,모으기와 가르기를 해 볼까요(2),14201786,기)교과서 진도학습,"2, 3, 4, 5를 모으고 가르기"
T1ME11U03024,2~5를 모으고 가르기,14201786,탭)AI 약점 보완 학습,"2, 3, 4, 5를 모으고 가르기"
T1ME11U03024,2~5를 모으고 가르기,14201786,탭)AI 약점 보완 학습,"2, 3, 4, 5를 모으고 가르기"
T1ME11U03025,6~9를 모으고 가르기,14201786,탭)AI 약점 보완 학습,"2, 3, 4, 5를 모으고 가르기"
T1ME11U03025,6~9를 모으고 가르기,14201786,탭)AI 약점 보완 학습,"2, 3, 4, 5를 모으고 가르기"
T1ME11U03001,모으기와 가르기(1),14201787,탭)겨울방학특강,"6, 7, 8, 9를 모으고 가르기"
T1ME11U03002,모으기와 가르기(2),14201787,탭)겨울방학특강,"6, 7, 8, 9를 모으고 가르기"
T1ME11U03088,단원마무리,14201787,탭)영역별 집중 학습,"6, 7, 8, 9를 모으고 가르기"
T1ME11U03090,"모으기와 가르기 (2), 이야기 만들기",14201787,탭)단원별 보충 학습,"6, 7, 8, 9를 모으고 가르기"
T1ME11U03089,모으기와 가르기 (1),14201787,탭)단원별 보충 학습,"6, 7, 8, 9를 모으고 가르기"
T1ME11U03010,모으기와 가르기를 해 볼까요(1),14201787,기)교과서 진도학습,"6, 7, 8, 9를 모으고 가르기"
T1ME11U03023,그림을 보고 6~9를 모으고 가르기,14201787,탭)AI 약점 보완 학습,"6, 7, 8, 9를 모으고 가르기"
T1ME11U03022,그림을 보고 2~5를 모으고 가르기,14201787,탭)AI 약점 보완 학습,"6, 7, 8, 9를 모으고 가르기"
T1ME11U03024,2~5를 모으고 가르기,14201787,탭)AI 약점 보완 학습,"6, 7, 8, 9를 모으고 가르기"
T1ME11U03011,모으기와 가르기를 해 볼까요(2),14201787,기)교과서 진도학습,"6, 7, 8, 9를 모으고 가르기"
T1ME11U03025,6~9를 모으고 가르기,14201787,탭)AI 약점 보완 학습,"6, 7, 8, 9를 모으고 가르기"
T1ME11U01002,"6, 7, 8, 9 알아보기",14201780,탭)겨울방학특강,"6, 7, 8, 9 알아보기"
T1ME11U01007,"6, 7, 8, 9를 알아볼까요",14201780,기)교과서 진도학습,"6, 7, 8, 9 알아보기"
T1ME11U01019,그림의 개수 세어보기(6~9),14201780,탭)AI 약점 보완 학습,"6, 7, 8, 9 알아보기"
T1ME11U01020,수 알아보기(6~9),14201780,탭)AI 약점 보완 학습,"6, 7, 8, 9 알아보기"
T1ME11U01021,몇째인지 알아보기,14201780,탭)AI 약점 보완 학습,"6, 7, 8, 9 알아보기"
T1ME11U01068,단원마무리,14201780,탭)영역별 집중 학습,"6, 7, 8, 9 알아보기"
T1ME11U01070,몇인지 알아보기 (2),14201780,탭)단원별 보충 학습,"6, 7, 8, 9 알아보기"
T1ME11U01004,1만큼 더 큰 수와 1만큼 더 작은 수/수의 크기 비교하기,14201782,탭)겨울방학특강,"1만큼 더 큰 수와 1만큼 더 작은 수, 0 알아보기"
T1ME11U01010,1만큼 더 큰 수와 1만큼 더 작은 수를 알아볼까요,14201782,기)교과서 진도학습,"1만큼 더 큰 수와 1만큼 더 작은 수, 0 알아보기"
T1ME11U01024,"1만큼 더 큰 수, 1만큼 더 작은 수 알아보기",14201782,탭)AI 약점 보완 학습,"1만큼 더 큰 수와 1만큼 더 작은 수, 0 알아보기"
T1ME11U01011,0을 알아볼까요,14201782,기)교과서 진도학습,"1만큼 더 큰 수와 1만큼 더 작은 수, 0 알아보기"
T1ME11U01025,0 알아보기,14201782,탭)AI 약점 보완 학습,"1만큼 더 큰 수와 1만큼 더 작은 수, 0 알아보기"
T1ME11U01068,단원마무리,14201782,탭)영역별 집중 학습,"1만큼 더 큰 수와 1만큼 더 작은 수, 0 알아보기"
T1ME11U01004,1만큼 더 큰 수와 1만큼 더 작은 수/수의 크기 비교하기,14201783,탭)겨울방학특강,두 수의 크기 비교
T1ME11U01012,수의 크기를 비교해 볼까요,14201783,기)교과서 진도학습,두 수의 크기 비교
T1ME11U01026,9까지 수의 크기 비교,14201783,탭)AI 약점 보완 학습,두 수의 크기 비교
T1ME11U01027,9까지 수의 크기 비교 활용,14201783,탭)AI 약점 보완 학습,두 수의 크기 비교
T1ME11U01068,단원마무리,14201783,탭)영역별 집중 학습,두 수의 크기 비교
T1ME11U01074,두 수의 크기 비교,14201783,탭)단원별 보충 학습,두 수의 크기 비교
T1ME11U04004,어느 것에 더 많이 담을 수 있는지 알아보기,14201795,탭)겨울방학특강,담을 수 있는 양 비교하기
T1ME11U04049,단원마무리,14201795,탭)영역별 집중 학습,담을 수 있는 양 비교하기
T1ME11U04053,담을 수 있는 양 비교하기,14201795,탭)단원별 보충 학습,담을 수 있는 양 비교하기
T1ME11U04009,어느 것에 더 많이 담을 수 있을까요,14201795,기)교과서 진도학습,담을 수 있는 양 비교하기
T1ME11U04020,두 그릇에 담을 수 있는 양 비교하기,14201795,탭)AI 약점 보완 학습,담을 수 있는 양 비교하기
T1ME11U04021,세 그릇에 담을 수 있는 양 비교하기,14201795,탭)AI 약점 보완 학습,담을 수 있는 양 비교하기
T1ME11U04002,어느 것이 더 무거운지 알아보기,14201793,탭)겨울방학특강,무게 비교하기
T1ME11U04049,단원마무리,14201793,탭)영역별 집중 학습,무게 비교하기
T1ME11U04051,무게 비교하기,14201793,탭)단원별 보충 학습,무게 비교하기
T1ME11U04007,어느 것이 더 무거울까요,14201793,기)교과서 진도학습,무게 비교하기
T1ME11U04016,두 가지 물건의 무게 비교하기,14201793,탭)AI 약점 보완 학습,무게 비교하기
T1ME11U04017,세 가지 물건의 무게 비교하기,14201793,탭)AI 약점 보완 학습,무게 비교하기
T1ME21U04001,여러 가지 단위로 길이 재기/1cm 알아보기,14201816,탭)겨울방학특강,자로 길이 재기
T1ME21U04001,여러 가지 단위로 길이 재기/1cm 알아보기,14201816,탭)겨울방학특강,자로 길이 재기
T1ME21U04001,여러 가지 단위로 길이 재기/1cm 알아보기,14201816,탭)겨울방학특강,자로 길이 재기
T1ME21U04002,자로 길이 재기/길이 어림하기,14201816,탭)겨울방학특강,자로 길이 재기
T1ME21U04002,자로 길이 재기/길이 어림하기,14201816,탭)겨울방학특강,자로 길이 재기
T1ME21U04002,자로 길이 재기/길이 어림하기,14201816,탭)겨울방학특강,자로 길이 재기
T1ME21U04056,단원마무리,14201816,탭)영역별 집중 학습,자로 길이 재기
T1ME21U04056,단원마무리,14201816,탭)영역별 집중 학습,자로 길이 재기
T1ME21U04056,단원마무리,14201816,탭)영역별 집중 학습,자로 길이 재기
T1ME21U04058,자로 길이재기(1),14201816,탭)단원별 보충 학습,자로 길이 재기
T1ME21U04058,자로 길이재기(1),14201816,탭)단원별 보충 학습,자로 길이 재기
T1ME21U04058,자로 길이재기(1),14201816,탭)단원별 보충 학습,자로 길이 재기
T1ME21U04057,"여러 가지 단위로 길이 재기, 1 cm 알아보기",14201816,탭)단원별 보충 학습,자로 길이 재기
T1ME21U04057,"여러 가지 단위로 길이 재기, 1 cm 알아보기",14201816,탭)단원별 보충 학습,자로 길이 재기
T1ME21U04057,"여러 가지 단위로 길이 재기, 1 cm 알아보기",14201816,탭)단원별 보충 학습,자로 길이 재기
T1ME21U04059,"자로 길이재기(2), 길이 어림하기",14201816,탭)단원별 보충 학습,자로 길이 재기
T1ME21U04059,"자로 길이재기(2), 길이 어림하기",14201816,탭)단원별 보충 학습,자로 길이 재기
T1ME21U04059,"자로 길이재기(2), 길이 어림하기",14201816,탭)단원별 보충 학습,자로 길이 재기
T1ME21U04006,1 cm를 알아볼까요,14201816,기)교과서 진도학습,자로 길이 재기
T1ME21U04006,1 cm를 알아볼까요,14201816,기)교과서 진도학습,자로 길이 재기
T1ME21U04006,1 cm를 알아볼까요,14201816,기)교과서 진도학습,자로 길이 재기
T1ME21U04017,1 cm 읽고 쓰기,14201816,탭)AI 약점 보완 학습,자로 길이 재기
T1ME21U04017,1 cm 읽고 쓰기,14201816,탭)AI 약점 보완 학습,자로 길이 재기
T1ME21U04017,1 cm 읽고 쓰기,14201816,탭)AI 약점 보완 학습,자로 길이 재기
T1ME21U04018,1 cm로 길이 알아보기,14201816,탭)AI 약점 보완 학습,자로 길이 재기
T1ME21U04018,1 cm로 길이 알아보기,14201816,탭)AI 약점 보완 학습,자로 길이 재기
T1ME21U04018,1 cm로 길이 알아보기,14201816,탭)AI 약점 보완 학습,자로 길이 재기
T1ME21U04007,자로 길이를 재는 방법을 알아볼까요,14201816,기)교과서 진도학습,자로 길이 재기
T1ME21U04007,자로 길이를 재는 방법을 알아볼까요,14201816,기)교과서 진도학습,자로 길이 재기
T1ME21U04007,자로 길이를 재는 방법을 알아볼까요,14201816,기)교과서 진도학습,자로 길이 재기
T1ME21U04019,자로 길이 재는 방법 알아보기,14201816,탭)AI 약점 보완 학습,자로 길이 재기
T1ME21U04019,자로 길이 재는 방법 알아보기,14201816,탭)AI 약점 보완 학습,자로 길이 재기
T1ME21U04019,자로 길이 재는 방법 알아보기,14201816,탭)AI 약점 보완 학습,자로 길이 재기
T1ME21U04020,자의 눈금을 0에 맞추지 않고 물체의 길이 재기,14201816,탭)AI 약점 보완 학습,자로 길이 재기
T1ME21U04020,자의 눈금을 0에 맞추지 않고 물체의 길이 재기,14201816,탭)AI 약점 보완 학습,자로 길이 재기
T1ME21U04020,자의 눈금을 0에 맞추지 않고 물체의 길이 재기,14201816,탭)AI 약점 보완 학습,자로 길이 재기
T1ME21U04008,자로 길이를 재어 볼까요,14201816,기)교과서 진도학습,자로 길이 재기
T1ME21U04008,자로 길이를 재어 볼까요,14201816,기)교과서 진도학습,자로 길이 재기
T1ME21U04008,자로 길이를 재어 볼까요,14201816,기)교과서 진도학습,자로 길이 재기
T1ME21U04021,물체의 길이가 자의 눈금 사이에 있을 때 표현 방법 알기,14201816,탭)AI 약점 보완 학습,자로 길이 재기
T1ME21U04021,물체의 길이가 자의 눈금 사이에 있을 때 표현 방법 알기,14201816,탭)AI 약점 보완 학습,자로 길이 재기
T1ME21U04021,물체의 길이가 자의 눈금 사이에 있을 때 표현 방법 알기,14201816,탭)AI 약점 보완 학습,자로 길이 재기
T1ME11U05001,9 다음 수 알아보기/십몇 알아보기,14201798,탭)겨울방학특강,10 알아보기
T1ME11U05001,9 다음 수 알아보기/십몇 알아보기,14201798,탭)겨울방학특강,10 알아보기
T1ME11U05075,단원마무리,14201798,탭)영역별 집중 학습,10 알아보기
T1ME11U05075,단원마무리,14201798,탭)영역별 집중 학습,10 알아보기
T1ME11U05076,"10 알아보기, 십몇 알아보기",14201798,탭)단원별 보충 학습,10 알아보기
T1ME11U05076,"10 알아보기, 십몇 알아보기",14201798,탭)단원별 보충 학습,10 알아보기
T1ME11U05006,9 다음 수를 알아볼까요,14201798,기)교과서 진도학습,10 알아보기
T1ME11U05006,9 다음 수를 알아볼까요,14201798,기)교과서 진도학습,10 알아보기
T1ME11U05017,10 알아보기,14201798,탭)AI 약점 보완 학습,10 알아보기
T1ME11U05017,10 알아보기,14201798,탭)AI 약점 보완 학습,10 알아보기
T1ME11U05018,19까지의 수를 쓰고 읽기,14201798,탭)AI 약점 보완 학습,10 알아보기
T1ME11U05018,19까지의 수를 쓰고 읽기,14201798,탭)AI 약점 보완 학습,10 알아보기
T1ME11U04001,어느 것이 더 긴지 알아보기,14201792,탭)겨울방학특강,길이 비교하기
T1ME11U04049,단원마무리,14201792,탭)영역별 집중 학습,길이 비교하기
T1ME11U03090,"모으기와 가르기 (2), 이야기 만들기",14201792,탭)단원별 보충 학습,길이 비교하기
T1ME11U04050,길이 비교하기,14201792,탭)단원별 보충 학습,길이 비교하기
T1ME11U04006,어느 것이 더 길까요,14201792,기)교과서 진도학습,길이 비교하기
T1ME11U04014,두 가지 물건의 길이 비교하기,14201792,탭)AI 약점 보완 학습,길이 비교하기
T1ME11U04015,세 가지 물건의 길이 비교하기,14201792,탭)AI 약점 보완 학습,길이 비교하기
T1ME11U04003,어느 것이 더 넓은지 알아보기,14201794,탭)겨울방학특강,넓이 비교하기
T1ME11U04049,단원마무리,14201794,탭)영역별 집중 학습,넓이 비교하기
T1ME11U04052,넓이 비교하기,14201794,탭)단원별 보충 학습,넓이 비교하기
T1ME11U03089,모으기와 가르기 (1),14201794,탭)단원별 보충 학습,넓이 비교하기
T1ME11U04008,어느 것이 더 넓을까요,14201794,기)교과서 진도학습,넓이 비교하기
T1ME11U04018,두 가지 물건의 넓이 비교하기,14201794,탭)AI 약점 보완 학습,넓이 비교하기
T1ME11U04019,세 가지 물건의 넓이 비교하기,14201794,탭)AI 약점 보완 학습,넓이 비교하기
T1ME11U05005,수의 크기 비교하기,14201802,탭)겨울방학특강,두 수의 크기 비교
T1ME11U05075,단원마무리,14201802,탭)영역별 집중 학습,두 수의 크기 비교
T1ME11U05080,"50까지 수의 순서, 수의 크기 비교",14201802,탭)단원별 보충 학습,두 수의 크기 비교
T1ME11U05009,10개씩 묶어 세어 볼까요,14201802,기)교과서 진도학습,두 수의 크기 비교
T1ME11U05023,수의 크기 비교하기(몇십),14201802,탭)AI 약점 보완 학습,두 수의 크기 비교
T1ME11U05029,50까지 수의 크기 비교 활용,14201802,탭)AI 약점 보완 학습,두 수의 크기 비교
T1ME11U05012,수의 크기를 비교해 볼까요,14201802,기)교과서 진도학습,두 수의 크기 비교
T1ME11U05028,50까지 수의 크기 비교,14201802,탭)AI 약점 보완 학습,두 수의 크기 비교
T1ME21U05001,분류하는 방법 알아보기/ 기준에 따라 분류하기,14201818,탭)겨울방학특강,분류하기
T1ME21U05001,분류하는 방법 알아보기/ 기준에 따라 분류하기,14201818,탭)겨울방학특강,분류하기
T1ME21U05002,분류하고 세어 보기/분류한 결과 말해 보기,14201818,탭)겨울방학특강,분류하기
T1ME21U05002,분류하고 세어 보기/분류한 결과 말해 보기,14201818,탭)겨울방학특강,분류하기
T1ME21U05047,분류한 결과 말해 보기,14201818,탭)단원별 보충 학습,분류하기
T1ME21U05047,분류한 결과 말해 보기,14201818,탭)단원별 보충 학습,분류하기
T1ME21U05044,단원마무리,14201818,탭)영역별 집중 학습,분류하기
T1ME21U05044,단원마무리,14201818,탭)영역별 집중 학습,분류하기
T1ME21U05045,"분류하기, 기준에 따라 분류하기",14201818,탭)단원별 보충 학습,분류하기
T1ME21U05045,"분류하기, 기준에 따라 분류하기",14201818,탭)단원별 보충 학습,분류하기
T1ME21U05046,분류하여 세어 보기,14201818,탭)단원별 보충 학습,분류하기
T1ME21U05046,분류하여 세어 보기,14201818,탭)단원별 보충 학습,분류하기
T1ME21U05004,분류는 어떻게 할까요,14201818,기)교과서 진도학습,분류하기
T1ME21U05004,분류는 어떻게 할까요,14201818,기)교과서 진도학습,분류하기
T1ME21U05012,분명한 분류 기준 알아보기,14201818,탭)AI 약점 보완 학습,분류하기
T1ME21U05012,분명한 분류 기준 알아보기,14201818,탭)AI 약점 보완 학습,분류하기
T1ME21U05005,기준에 따라 분류해 볼까요,14201818,기)교과서 진도학습,분류하기
T1ME21U05005,기준에 따라 분류해 볼까요,14201818,기)교과서 진도학습,분류하기
T1ME21U05013,정해진 기준에 따라 분류하기,14201818,탭)AI 약점 보완 학습,분류하기
T1ME21U05013,정해진 기준에 따라 분류하기,14201818,탭)AI 약점 보완 학습,분류하기
T1ME21U05014,"분류 기준을 정하고, 분류하기",14201818,탭)AI 약점 보완 학습,분류하기
T1ME21U05014,"분류 기준을 정하고, 분류하기",14201818,탭)AI 약점 보완 학습,분류하기
T1ME21U05006,분류하고 세어 볼까요,14201818,기)교과서 진도학습,분류하기
T1ME21U05006,분류하고 세어 볼까요,14201818,기)교과서 진도학습,분류하기
T1ME21U05015,분류하고 세어 보기,14201818,탭)AI 약점 보완 학습,분류하기
T1ME21U05015,분류하고 세어 보기,14201818,탭)AI 약점 보완 학습,분류하기
T1ME21U05016,분류하고 세어 보기 활용,14201818,탭)AI 약점 보완 학습,분류하기
T1ME21U05016,분류하고 세어 보기 활용,14201818,탭)AI 약점 보완 학습,분류하기
T1ME21U05007,분류한 결과를 말해 볼까요,14201818,기)교과서 진도학습,분류하기
T1ME21U05007,분류한 결과를 말해 볼까요,14201818,기)교과서 진도학습,분류하기
T1ME21U05017,분류한 결과 말해 보기,14201818,탭)AI 약점 보완 학습,분류하기
T1ME21U05017,분류한 결과 말해 보기,14201818,탭)AI 약점 보완 학습,분류하기
T1ME21U05018,분류한 결과 말해 보기 활용,14201818,탭)AI 약점 보완 학습,분류하기
T1ME21U05018,분류한 결과 말해 보기 활용,14201818,탭)AI 약점 보완 학습,분류하기
T1ME21U06001,여러 가지 방법으로 세어 보기/묶어 세기,14201819,탭)겨울방학특강,묶어 세기
T1ME21U06002,몇의 몇 배 알아보기,14201819,탭)겨울방학특강,묶어 세기
T1ME21U06060,단원마무리,14201819,탭)영역별 집중 학습,묶어 세기
T1ME21U06062,몇의 몇 배 알아보기,14201819,탭)단원별 보충 학습,묶어 세기
T1ME21U06061,"여러 가지 방법으로 세어 보기, 묶어 세어 보기",14201819,탭)단원별 보충 학습,묶어 세기
T1ME21U06005,여러 가지 방법으로 세어 볼까요,14201819,기)교과서 진도학습,묶어 세기
T1ME21U06015,물건의 수를 여러 가지 방법으로 세기,14201819,탭)AI 약점 보완 학습,묶어 세기
T1ME21U06006,묶어 세어 볼까요,14201819,기)교과서 진도학습,묶어 세기
T1ME21U06016,여러 가지 방법으로 묶어 세기,14201819,탭)AI 약점 보완 학습,묶어 세기
T1ME21U06017,몇씩 몇 묶음으로 표현하기,14201819,탭)AI 약점 보완 학습,묶어 세기
T1ME21U06007,몇의 몇 배를 알아볼까요,14201819,기)교과서 진도학습,묶어 세기
T1ME21U06018,몇의 몇 배 알아보기,14201819,탭)AI 약점 보완 학습,묶어 세기
T1ME21U06008,몇의 몇 배로 나타내 볼까요,14201819,기)교과서 진도학습,묶어 세기
T1ME21U06019,몇의 몇 배로 나타내기,14201819,탭)AI 약점 보완 학습,묶어 세기
T1ME21U06020,몇의 몇 배로 나타내기 활용,14201819,탭)AI 약점 보완 학습,묶어 세기
T1ME21U06003,곱셈식 알아보기/ 곱셈식으로 나타내기,14201820,탭)겨울방학특강,곱셈식 알아보기
T1ME21U06003,곱셈식 알아보기/ 곱셈식으로 나타내기,14201820,탭)겨울방학특강,곱셈식 알아보기
T1ME21U06060,단원마무리,14201820,탭)영역별 집중 학습,곱셈식 알아보기
T1ME21U06060,단원마무리,14201820,탭)영역별 집중 학습,곱셈식 알아보기
T1ME21U06063,"곱셈식, 곱셈식으로 나타내기",14201820,탭)단원별 보충 학습,곱셈식 알아보기
T1ME21U06063,"곱셈식, 곱셈식으로 나타내기",14201820,탭)단원별 보충 학습,곱셈식 알아보기
T1ME21U06009,곱셈을 알아볼까요,14201820,기)교과서 진도학습,곱셈식 알아보기
T1ME21U06009,곱셈을 알아볼까요,14201820,기)교과서 진도학습,곱셈식 알아보기
T1ME21U06021,곱셈 알아보기,14201820,탭)AI 약점 보완 학습,곱셈식 알아보기
T1ME21U06021,곱셈 알아보기,14201820,탭)AI 약점 보완 학습,곱셈식 알아보기
T1ME21U06022,곱셈식 알아보기,14201820,탭)AI 약점 보완 학습,곱셈식 알아보기
T1ME21U06022,곱셈식 알아보기,14201820,탭)AI 약점 보완 학습,곱셈식 알아보기
T1ME21U06010,곱셈식으로 나타내 볼까요,14201820,기)교과서 진도학습,곱셈식 알아보기
T1ME21U06010,곱셈식으로 나타내 볼까요,14201820,기)교과서 진도학습,곱셈식 알아보기
T1ME21U06023,곱셈식으로 나타내기,14201820,탭)AI 약점 보완 학습,곱셈식 알아보기
T1ME21U06023,곱셈식으로 나타내기,14201820,탭)AI 약점 보완 학습,곱셈식 알아보기
T1ME21U06024,곱셈식으로 나타내기 활용,14201820,탭)AI 약점 보완 학습,곱셈식 알아보기
T1ME21U06024,곱셈식으로 나타내기 활용,14201820,탭)AI 약점 보완 학습,곱셈식 알아보기
T1ME21U03007,덧셈과 뺄셈의 관계/□가 사용된 식을 만들고 □의 값 구하기,14201812,탭)겨울방학특강,□의 값 구하기
T1ME21U03091,단원마무리,14201812,탭)영역별 집중 학습,□의 값 구하기
T1ME21U03096,"덧셈과 뺄셈의 관계를 식으로 나타내기, □의 값 구하기",14201812,탭)단원별 보충 학습,□의 값 구하기
T1ME21U03018,□가 사용된 식을 만들고 □의 값을 구해 볼까요,14201812,기)교과서 진도학습,□의 값 구하기
T1ME21U03037,□가 사용된 덧셈식과 뺄셈식을 알아보고 □의 값 구하기,14201812,탭)AI 약점 보완 학습,□의 값 구하기
T1ME11U05004,50까지의 수의 순서 알아보기,14201801,탭)겨울방학특강,50까지의 수의 순서
T1ME11U05075,단원마무리,14201801,탭)영역별 집중 학습,50까지의 수의 순서
T1ME11U05080,"50까지 수의 순서, 수의 크기 비교",14201801,탭)단원별 보충 학습,50까지의 수의 순서
T1ME11U05011,50까지 수의 순서를 알아볼까요,14201801,기)교과서 진도학습,50까지의 수의 순서
T1ME11U05026,"1만큼 더 큰 수, 1만큼 더 작은 수 알아보기(50까지의 수)",14201801,탭)AI 약점 보완 학습,50까지의 수의 순서
T1ME11U05027,50까지 수의 순서 알아보기,14201801,탭)AI 약점 보완 학습,50까지의 수의 순서
T1ME21U03091,단원마무리,14201813,탭)영역별 집중 학습,세 수의 계산
T1ME21U03097,세 수의 계산,14201813,탭)단원별 보충 학습,세 수의 계산
T1ME21U03016,세 수의 계산을 해 볼까요,14201813,기)교과서 진도학습,세 수의 계산
T1ME21U03035,세 수의 계산하기,14201813,탭)AI 약점 보완 학습,세 수의 계산
T1ME21U03091,단원마무리,14201811,탭)영역별 집중 학습,덧셈과 뺄셈의 관계
T1ME21U03096,"덧셈과 뺄셈의 관계를 식으로 나타내기, □의 값 구하기",14201811,탭)단원별 보충 학습,덧셈과 뺄셈의 관계
T1ME21U03017,덧셈과 뺄셈의 관계를 식으로 나타내 볼까요,14201811,기)교과서 진도학습,덧셈과 뺄셈의 관계
T1ME21U03036,덧셈과 뺄셈의 관계를 식으로 나타내기,14201811,탭)AI 약점 보완 학습,덧셈과 뺄셈의 관계
T1ME21U04056,단원마무리,14201815,탭)영역별 집중 학습,여러 가지 단위길이로 재기
T1ME21U04057,"여러 가지 단위로 길이 재기, 1 cm 알아보기",14201815,탭)단원별 보충 학습,여러 가지 단위길이로 재기
T1ME21U04005,여러 가지 단위로 길이를 재어 볼까요,14201815,기)교과서 진도학습,여러 가지 단위길이로 재기
T1ME21U04015,신체를 단위길이로 하여 물건의 길이 재기,14201815,탭)AI 약점 보완 학습,여러 가지 단위길이로 재기
T1ME21U04016,여러 가지 단위를 활용하여 물건의 길이 재기,14201815,탭)AI 약점 보완 학습,여러 가지 단위길이로 재기
T1ME21U04056,단원마무리,14201817,탭)영역별 집중 학습,길이를 어림해 보고 재어 보기
T1ME21U04059,"자로 길이재기(2), 길이 어림하기",14201817,탭)단원별 보충 학습,길이를 어림해 보고 재어 보기
T1ME21U04009,길이를 어림하고 어떻게 어림했는지 말해 볼까요,14201817,기)교과서 진도학습,길이를 어림해 보고 재어 보기
T1ME21U04022,주어진 물건의 길이 어림하기,14201817,탭)AI 약점 보완 학습,길이를 어림해 보고 재어 보기
T1ME21U04056,단원마무리,14201814,탭)영역별 집중 학습,길이 비교하기
T1ME21U04004,길이를 비교하는 방법을 알아볼까요,14201814,기)교과서 진도학습,길이 비교하기
T1ME21U04014,길이 비교하는 방법 알아보기,14201814,탭)AI 약점 보완 학습,길이 비교하기
T1ME21U06060,단원마무리,14201821,탭)영역별 집중 학습,곱셈식을 활용하기
T1ME21U06010,곱셈식으로 나타내 볼까요,14201821,기)교과서 진도학습,곱셈식을 활용하기
T1ME21U06024,곱셈식으로 나타내기 활용,14201821,탭)AI 약점 보완 학습,곱셈식을 활용하기
T1ME11U04049,단원마무리,14201796,탭)영역별 집중 학습,높이 비교하기
T1ME11U04050,길이 비교하기,14201796,탭)단원별 보충 학습,높이 비교하기
T1ME11U04049,단원마무리,14201797,탭)영역별 집중 학습,키 비교하기
T1ME12U01001,99까지의 수 알아보기,14201857,기)여름방학특강,몇십 알아보기
T1ME12U01004,"60, 70, 80, 90을 알아볼까요",14201857,기)교과서 진도학습,몇십 알아보기
T1ME12U01012,그림을 보고 몇십 알아보기,14201857,탭)AI 약점 보완 학습,몇십 알아보기
T1ME12U01013,"60, 70, 80, 90을 읽고 쓰기",14201857,탭)AI 약점 보완 학습,몇십 알아보기
T1ME12U01006,수를 넣어 이야기를 해 볼까요,14201857,기)교과서 진도학습,몇십 알아보기
T1ME12U01016,수를 넣어 이야기하기,14201857,탭)AI 약점 보완 학습,몇십 알아보기
T1ME12U01001,99까지의 수 알아보기,14201858,기)여름방학특강,99까지의 수 알아보기
T1ME12U01005,99까지의 수를 알아볼까요,14201858,기)교과서 진도학습,99까지의 수 알아보기
T1ME12U01014,그림을 보고 99까지의 수 알아보기,14201858,탭)AI 약점 보완 학습,99까지의 수 알아보기
T1ME12U01015,99까지의 수를 읽고 쓰기,14201858,탭)AI 약점 보완 학습,99까지의 수 알아보기
T1ME12U01006,수를 넣어 이야기를 해 볼까요,14201858,기)교과서 진도학습,99까지의 수 알아보기
T1ME12U01016,수를 넣어 이야기하기,14201858,탭)AI 약점 보완 학습,99까지의 수 알아보기
T1ME12U01002,수의 크기 비교하기,14201859,기)여름방학특강,수의 순서 알아보기
T1ME12U01007,수의 순서를 알아볼까요,14201859,기)교과서 진도학습,수의 순서 알아보기
T1ME12U01017,사이에 있는 수 알아보기(100까지의 수),14201859,탭)AI 약점 보완 학습,수의 순서 알아보기
T1ME12U01018,100까지의 수를 순서에 맞게 빈칸에 써넣기,14201859,탭)AI 약점 보완 학습,수의 순서 알아보기
T1ME12U01002,수의 크기 비교하기,14201860,기)여름방학특강,두 수의 크기 비교하기
T1ME12U01008,수의 크기를 비교해 볼까요,14201860,기)교과서 진도학습,두 수의 크기 비교하기
T1ME12U01019,100까지 수의 크기 비교,14201860,탭)AI 약점 보완 학습,두 수의 크기 비교하기
T1ME12U01020,100까지 수의 크기 비교 활용,14201860,탭)AI 약점 보완 학습,두 수의 크기 비교하기
T1ME12U02001,세 수의 덧셈과 뺄셈,14201863,기)여름방학특강,한 자리 세 수의 계산
T1ME12U02004,세 수의 덧셈을 해 볼까요,14201863,기)교과서 진도학습,한 자리 세 수의 계산
T1ME12U02011,한 자리 세 수의 덧셈,14201863,탭)AI 약점 보완 학습,한 자리 세 수의 계산
T1ME12U02012,한 자리 세 수의 덧셈의 활용,14201863,탭)AI 약점 보완 학습,한 자리 세 수의 계산
T1ME12U02005,세 수의 뺄셈을 해 볼까요,14201863,기)교과서 진도학습,한 자리 세 수의 계산
T1ME12U02013,한 자리 세 수의 뺄셈,14201863,탭)AI 약점 보완 학습,한 자리 세 수의 계산
T1ME12U02014,한 자리 세 수의 뺄셈의 활용,14201863,탭)AI 약점 보완 학습,한 자리 세 수의 계산
T1ME22U01001,"천, 몇천/네 자리 수와 자릿값",14201889,기)여름방학특강,1000과 몇천 알아보기
T1ME22U01001,"천, 몇천/네 자리 수와 자릿값",14201889,기)여름방학특강,1000과 몇천 알아보기
T1ME22U01001,"천, 몇천/네 자리 수와 자릿값",14201889,기)여름방학특강,1000과 몇천 알아보기
T1ME22U01001,"천, 몇천/네 자리 수와 자릿값",14201889,기)여름방학특강,1000과 몇천 알아보기
T1ME22U01004,천을 알아볼까요,14201889,기)교과서 진도학습,1000과 몇천 알아보기
T1ME22U01004,천을 알아볼까요,14201889,기)교과서 진도학습,1000과 몇천 알아보기
T1ME22U01004,천을 알아볼까요,14201889,기)교과서 진도학습,1000과 몇천 알아보기
T1ME22U01004,천을 알아볼까요,14201889,기)교과서 진도학습,1000과 몇천 알아보기
T1ME22U01012,1000 알아보기,14201889,탭)AI 약점 보완 학습,1000과 몇천 알아보기
T1ME22U01012,1000 알아보기,14201889,탭)AI 약점 보완 학습,1000과 몇천 알아보기
T1ME22U01012,1000 알아보기,14201889,탭)AI 약점 보완 학습,1000과 몇천 알아보기
T1ME22U01012,1000 알아보기,14201889,탭)AI 약점 보완 학습,1000과 몇천 알아보기
T1ME22U01013,여러 가지 방법으로 1000 나타내기,14201889,탭)AI 약점 보완 학습,1000과 몇천 알아보기
T1ME22U01013,여러 가지 방법으로 1000 나타내기,14201889,탭)AI 약점 보완 학습,1000과 몇천 알아보기
T1ME22U01013,여러 가지 방법으로 1000 나타내기,14201889,탭)AI 약점 보완 학습,1000과 몇천 알아보기
T1ME22U01013,여러 가지 방법으로 1000 나타내기,14201889,탭)AI 약점 보완 학습,1000과 몇천 알아보기
T1ME22U01005,몇천을 알아볼까요,14201889,기)교과서 진도학습,1000과 몇천 알아보기
T1ME22U01005,몇천을 알아볼까요,14201889,기)교과서 진도학습,1000과 몇천 알아보기
T1ME22U01005,몇천을 알아볼까요,14201889,기)교과서 진도학습,1000과 몇천 알아보기
T1ME22U01005,몇천을 알아볼까요,14201889,기)교과서 진도학습,1000과 몇천 알아보기
T1ME22U01014,몇천 쓰고 읽기,14201889,탭)AI 약점 보완 학습,1000과 몇천 알아보기
T1ME22U01014,몇천 쓰고 읽기,14201889,탭)AI 약점 보완 학습,1000과 몇천 알아보기
T1ME22U01014,몇천 쓰고 읽기,14201889,탭)AI 약점 보완 학습,1000과 몇천 알아보기
T1ME22U01014,몇천 쓰고 읽기,14201889,탭)AI 약점 보완 학습,1000과 몇천 알아보기
T1ME22U01015,여러 가지 방법으로 몇천 나타내기,14201889,탭)AI 약점 보완 학습,1000과 몇천 알아보기
T1ME22U01015,여러 가지 방법으로 몇천 나타내기,14201889,탭)AI 약점 보완 학습,1000과 몇천 알아보기
T1ME22U01015,여러 가지 방법으로 몇천 나타내기,14201889,탭)AI 약점 보완 학습,1000과 몇천 알아보기
T1ME22U01015,여러 가지 방법으로 몇천 나타내기,14201889,탭)AI 약점 보완 학습,1000과 몇천 알아보기
T1ME22U01001,"천, 몇천/네 자리 수와 자릿값",14201890,기)여름방학특강,네 자리 수 알아보기
T1ME22U01001,"천, 몇천/네 자리 수와 자릿값",14201890,기)여름방학특강,네 자리 수 알아보기
T1ME22U01006,네 자리 수를 알아볼까요,14201890,기)교과서 진도학습,네 자리 수 알아보기
T1ME22U01006,네 자리 수를 알아볼까요,14201890,기)교과서 진도학습,네 자리 수 알아보기
T1ME22U01016,네 자리 수 나타내기,14201890,탭)AI 약점 보완 학습,네 자리 수 알아보기
T1ME22U01016,네 자리 수 나타내기,14201890,탭)AI 약점 보완 학습,네 자리 수 알아보기
T1ME22U01017,모형이 나타내는 네 자리 수 쓰고 읽기,14201890,탭)AI 약점 보완 학습,네 자리 수 알아보기
T1ME22U01017,모형이 나타내는 네 자리 수 쓰고 읽기,14201890,탭)AI 약점 보완 학습,네 자리 수 알아보기
T1ME22U01007,각 자리의 숫자는 얼마를 나타낼까요,14201890,기)교과서 진도학습,네 자리 수 알아보기
T1ME22U01007,각 자리의 숫자는 얼마를 나타낼까요,14201890,기)교과서 진도학습,네 자리 수 알아보기
T1ME22U01018,네 자리 수에서 각 자리의 숫자가 나타내는 수 알아보기,14201890,탭)AI 약점 보완 학습,네 자리 수 알아보기
T1ME22U01018,네 자리 수에서 각 자리의 숫자가 나타내는 수 알아보기,14201890,탭)AI 약점 보완 학습,네 자리 수 알아보기
T1ME22U01019,네 자리 수를 '(몇천)+(몇백)+(몇십)+(몇)'으로 나타내기,14201890,탭)AI 약점 보완 학습,네 자리 수 알아보기
T1ME22U01019,네 자리 수를 '(몇천)+(몇백)+(몇십)+(몇)'으로 나타내기,14201890,탭)AI 약점 보완 학습,네 자리 수 알아보기
T1ME22U01002,뛰어 세기/수의 크기 비교하기,14201892,기)여름방학특강,두 수의 크기 비교
T1ME22U01002,뛰어 세기/수의 크기 비교하기,14201892,기)여름방학특강,두 수의 크기 비교
T1ME22U01009,수의 크기를 비교해 볼까요,14201892,기)교과서 진도학습,두 수의 크기 비교
T1ME22U01009,수의 크기를 비교해 볼까요,14201892,기)교과서 진도학습,두 수의 크기 비교
T1ME22U01022,네 자리 수의 크기 비교하기,14201892,탭)AI 약점 보완 학습,두 수의 크기 비교
T1ME22U01022,네 자리 수의 크기 비교하기,14201892,탭)AI 약점 보완 학습,두 수의 크기 비교
T1ME22U01002,뛰어 세기/수의 크기 비교하기,14201891,기)여름방학특강,뛰어 세기
T1ME22U01008,뛰어 세어 볼까요,14201891,기)교과서 진도학습,뛰어 세기
T1ME22U01020,수 배열표에서 수의 순서 알아보기,14201891,탭)AI 약점 보완 학습,뛰어 세기
T1ME22U01021,"1000씩, 100씨, 10씩, 1씩 뛰어 세기",14201891,탭)AI 약점 보완 학습,뛰어 세기
T1ME22U02001,"2단, 5단, 3단, 6단, 4단, 8단 곱셈구구",14201893,기)여름방학특강,"2단, 3단, 5단, 6단 곱셈구구"
T1ME22U02001,"2단, 5단, 3단, 6단, 4단, 8단 곱셈구구",14201893,기)여름방학특강,"2단, 3단, 5단, 6단 곱셈구구"
T1ME22U02004,2단 곱셈구구를 알아볼까요,14201893,기)교과서 진도학습,"2단, 3단, 5단, 6단 곱셈구구"
T1ME22U02004,2단 곱셈구구를 알아볼까요,14201893,기)교과서 진도학습,"2단, 3단, 5단, 6단 곱셈구구"
T1ME22U02015,2단 곱셈구구 알아보기,14201893,탭)AI 약점 보완 학습,"2단, 3단, 5단, 6단 곱셈구구"
T1ME22U02015,2단 곱셈구구 알아보기,14201893,탭)AI 약점 보완 학습,"2단, 3단, 5단, 6단 곱셈구구"
T1ME22U02016,여러 가지 방법으로 2단 곱셈구구 완성하기,14201893,탭)AI 약점 보완 학습,"2단, 3단, 5단, 6단 곱셈구구"
T1ME22U02016,여러 가지 방법으로 2단 곱셈구구 완성하기,14201893,탭)AI 약점 보완 학습,"2단, 3단, 5단, 6단 곱셈구구"
T1ME22U02005,5단 곱셈구구를 알아볼까요,14201893,기)교과서 진도학습,"2단, 3단, 5단, 6단 곱셈구구"
T1ME22U02005,5단 곱셈구구를 알아볼까요,14201893,기)교과서 진도학습,"2단, 3단, 5단, 6단 곱셈구구"
T1ME22U02017,5단 곱셈구구 알아보기,14201893,탭)AI 약점 보완 학습,"2단, 3단, 5단, 6단 곱셈구구"
T1ME22U02017,5단 곱셈구구 알아보기,14201893,탭)AI 약점 보완 학습,"2단, 3단, 5단, 6단 곱셈구구"
T1ME22U02018,여러 가지 방법으로 5단 곱셈구구 완성하기,14201893,탭)AI 약점 보완 학습,"2단, 3단, 5단, 6단 곱셈구구"
T1ME22U02018,여러 가지 방법으로 5단 곱셈구구 완성하기,14201893,탭)AI 약점 보완 학습,"2단, 3단, 5단, 6단 곱셈구구"
T1ME22U02006,"3단, 6단 곱셈구구를 알아볼까요",14201893,기)교과서 진도학습,"2단, 3단, 5단, 6단 곱셈구구"
T1ME22U02006,"3단, 6단 곱셈구구를 알아볼까요",14201893,기)교과서 진도학습,"2단, 3단, 5단, 6단 곱셈구구"
T1ME22U02019,3단 곱셈구구 알아보기,14201893,탭)AI 약점 보완 학습,"2단, 3단, 5단, 6단 곱셈구구"
T1ME22U02019,3단 곱셈구구 알아보기,14201893,탭)AI 약점 보완 학습,"2단, 3단, 5단, 6단 곱셈구구"
T1ME22U02020,6단 곱셈구구 알아보기,14201893,탭)AI 약점 보완 학습,"2단, 3단, 5단, 6단 곱셈구구"
T1ME22U02020,6단 곱셈구구 알아보기,14201893,탭)AI 약점 보완 학습,"2단, 3단, 5단, 6단 곱셈구구"
T1ME22U02021,"3단, 6단 곱셈구구 활용하기",14201893,탭)AI 약점 보완 학습,"2단, 3단, 5단, 6단 곱셈구구"
T1ME22U02021,"3단, 6단 곱셈구구 활용하기",14201893,탭)AI 약점 보완 학습,"2단, 3단, 5단, 6단 곱셈구구"
T1ME22U02001,"2단, 5단, 3단, 6단, 4단, 8단 곱셈구구",14201894,기)여름방학특강,"4단, 7단, 8단, 9단 곱셈구구"
T1ME22U02001,"2단, 5단, 3단, 6단, 4단, 8단 곱셈구구",14201894,기)여름방학특강,"4단, 7단, 8단, 9단 곱셈구구"
T1ME22U02002,"7단, 9단 곱셈구구/1, 0의 곱/곱셈표",14201894,기)여름방학특강,"4단, 7단, 8단, 9단 곱셈구구"
T1ME22U02002,"7단, 9단 곱셈구구/1, 0의 곱/곱셈표",14201894,기)여름방학특강,"4단, 7단, 8단, 9단 곱셈구구"
T1ME22U02007,"4단, 8단 곱셈구구를 알아볼까요",14201894,기)교과서 진도학습,"4단, 7단, 8단, 9단 곱셈구구"
T1ME22U02007,"4단, 8단 곱셈구구를 알아볼까요",14201894,기)교과서 진도학습,"4단, 7단, 8단, 9단 곱셈구구"
T1ME22U02022,4단 곱셈구구 알아보기,14201894,탭)AI 약점 보완 학습,"4단, 7단, 8단, 9단 곱셈구구"
T1ME22U02022,4단 곱셈구구 알아보기,14201894,탭)AI 약점 보완 학습,"4단, 7단, 8단, 9단 곱셈구구"
T1ME22U02023,8단 곱셈구구 알아보기,14201894,탭)AI 약점 보완 학습,"4단, 7단, 8단, 9단 곱셈구구"
T1ME22U02023,8단 곱셈구구 알아보기,14201894,탭)AI 약점 보완 학습,"4단, 7단, 8단, 9단 곱셈구구"
T1ME22U02024,"4단, 8단 곱셈구구 활용하기",14201894,탭)AI 약점 보완 학습,"4단, 7단, 8단, 9단 곱셈구구"
T1ME22U02024,"4단, 8단 곱셈구구 활용하기",14201894,탭)AI 약점 보완 학습,"4단, 7단, 8단, 9단 곱셈구구"
T1ME22U02008,7단 곱셈구구를 알아볼까요,14201894,기)교과서 진도학습,"4단, 7단, 8단, 9단 곱셈구구"
T1ME22U02008,7단 곱셈구구를 알아볼까요,14201894,기)교과서 진도학습,"4단, 7단, 8단, 9단 곱셈구구"
T1ME22U02025,7단 곱셈구구 알아보기,14201894,탭)AI 약점 보완 학습,"4단, 7단, 8단, 9단 곱셈구구"
T1ME22U02025,7단 곱셈구구 알아보기,14201894,탭)AI 약점 보완 학습,"4단, 7단, 8단, 9단 곱셈구구"
T1ME22U02026,여러 가지 방법으로 7단 곱셈구구 완성하기,14201894,탭)AI 약점 보완 학습,"4단, 7단, 8단, 9단 곱셈구구"
T1ME22U02026,여러 가지 방법으로 7단 곱셈구구 완성하기,14201894,탭)AI 약점 보완 학습,"4단, 7단, 8단, 9단 곱셈구구"
T1ME22U02009,9단 곱셈구구를 알아볼까요,14201894,기)교과서 진도학습,"4단, 7단, 8단, 9단 곱셈구구"
T1ME22U02009,9단 곱셈구구를 알아볼까요,14201894,기)교과서 진도학습,"4단, 7단, 8단, 9단 곱셈구구"
T1ME22U02027,9단 곱셈구구 알아보기,14201894,탭)AI 약점 보완 학습,"4단, 7단, 8단, 9단 곱셈구구"
T1ME22U02027,9단 곱셈구구 알아보기,14201894,탭)AI 약점 보완 학습,"4단, 7단, 8단, 9단 곱셈구구"
T1ME22U02028,여러 가지 방법으로 9단 곱셈구구 완성하기,14201894,탭)AI 약점 보완 학습,"4단, 7단, 8단, 9단 곱셈구구"
T1ME22U02028,여러 가지 방법으로 9단 곱셈구구 완성하기,14201894,탭)AI 약점 보완 학습,"4단, 7단, 8단, 9단 곱셈구구"
T1ME12U02002,10을 만들기,14201865,기)여름방학특강,10이 되는 더하기
T1ME12U02006,10이 되는 더하기를 해 볼까요,14201865,기)교과서 진도학습,10이 되는 더하기
T1ME12U02015,10이 되는 덧셈식,14201865,탭)AI 약점 보완 학습,10이 되는 더하기
T1ME12U02016,10이 되는 여러 가지 덧셈식,14201865,탭)AI 약점 보완 학습,10이 되는 더하기
T1ME12U02002,10을 만들기,14201866,기)여름방학특강,10에서 빼기
T1ME12U02007,10에서 빼기를 해 볼까요,14201866,기)교과서 진도학습,10에서 빼기
T1ME12U02017,10에서 빼는 뺄셈식,14201866,탭)AI 약점 보완 학습,10에서 빼기
T1ME12U02018,10에서 빼는 여러 가지 뺄셈식,14201866,탭)AI 약점 보완 학습,10에서 빼기
T1ME12U02002,10을 만들기,14201867,기)여름방학특강,10을 만들어 더하기
T1ME12U02008,10을 만들어 더해 볼까요,14201867,기)교과서 진도학습,10을 만들어 더하기
T1ME12U02019,앞의 두 수로 10을 만들어 세 수의 덧셈하기,14201867,탭)AI 약점 보완 학습,10을 만들어 더하기
T1ME12U02020,뒤의 두 수로 10을 만들어 세 수의 덧셈하기,14201867,탭)AI 약점 보완 학습,10을 만들어 더하기
T1ME22U02002,"7단, 9단 곱셈구구/1, 0의 곱/곱셈표",14201895,기)여름방학특강,1단 곱셈구구와 0의 곱
T1ME22U02010,1단 곱셈구구와 0의 곱을 알아볼까요,14201895,기)교과서 진도학습,1단 곱셈구구와 0의 곱
T1ME22U02029,1단 곱셈구구를 알아보고 1단 곱셈표 만들기,14201895,탭)AI 약점 보완 학습,1단 곱셈구구와 0의 곱
T1ME22U02030,"0과 어떤 수의 곱, 어떤 수와 0의 곱 알아보기",14201895,탭)AI 약점 보완 학습,1단 곱셈구구와 0의 곱
T1ME22U02002,"7단, 9단 곱셈구구/1, 0의 곱/곱셈표",14201896,기)여름방학특강,곱셈표
T1ME22U02011,곱셈표를 만들어 볼까요,14201896,기)교과서 진도학습,곱셈표
T1ME22U02031,곱셈표 완성하기,14201896,탭)AI 약점 보완 학습,곱셈표
T1ME22U02032,곱이 같은 곱셈구구 찾기,14201896,탭)AI 약점 보완 학습,곱셈표
T1ME22U02002,"7단, 9단 곱셈구구/1, 0의 곱/곱셈표",14201897,기)여름방학특강,곱셈구구를 활용하기
T1ME22U02012,곱셈구구를 이용하여 문제를 해결해 볼까요,14201897,기)교과서 진도학습,곱셈구구를 활용하기
T1ME22U02033,곱셈구구를 이용하여 개수 알아보기,14201897,탭)AI 약점 보완 학습,곱셈구구를 활용하기
T1ME22U02034,실생활에서 곱셈구구를 이용하여 문제 해결하기,14201897,탭)AI 약점 보완 학습,곱셈구구를 활용하기
T1ME22U03001,길이 알아보기,14201898,기)여름방학특강,길이 알아보기
T1ME22U03001,길이 알아보기,14201898,기)여름방학특강,길이 알아보기
T1ME22U03004,cm보다 더 큰 단위를 알아볼까요,14201898,기)교과서 진도학습,길이 알아보기
T1ME22U03004,cm보다 더 큰 단위를 알아볼까요,14201898,기)교과서 진도학습,길이 알아보기
T1ME22U03011,1 m 쓰고 읽기,14201898,탭)AI 약점 보완 학습,길이 알아보기
T1ME22U03011,1 m 쓰고 읽기,14201898,탭)AI 약점 보완 학습,길이 알아보기
T1ME22U03012,'몇 m 몇 cm'와 '몇 cm'의 관계 이해하기,14201898,탭)AI 약점 보완 학습,길이 알아보기
T1ME22U03012,'몇 m 몇 cm'와 '몇 cm'의 관계 이해하기,14201898,탭)AI 약점 보완 학습,길이 알아보기
T1ME22U03005,자로 길이를 재어 볼까요,14201898,기)교과서 진도학습,길이 알아보기
T1ME22U03005,자로 길이를 재어 볼까요,14201898,기)교과서 진도학습,길이 알아보기
T1ME22U03013,줄자로 길이 재는 방법 알아보기,14201898,탭)AI 약점 보완 학습,길이 알아보기
T1ME22U03013,줄자로 길이 재는 방법 알아보기,14201898,탭)AI 약점 보완 학습,길이 알아보기
T1ME22U03014,줄자로 물건의 길이 재어 보기,14201898,탭)AI 약점 보완 학습,길이 알아보기
T1ME22U03014,줄자로 물건의 길이 재어 보기,14201898,탭)AI 약점 보완 학습,길이 알아보기
T1ME22U03002,"길이의 합과 차, 길이 어림하기",14201899,기)여름방학특강,길이의 합
T1ME22U03006,길이의 합을 구해 볼까요,14201899,기)교과서 진도학습,길이의 합
T1ME22U03016,길이의 합 구하기,14201899,탭)AI 약점 보완 학습,길이의 합
T1ME22U03015,색 테이프로 길이의 합 구하기,14201899,탭)AI 약점 보완 학습,길이의 합
T1ME22U03002,"길이의 합과 차, 길이 어림하기",14201900,기)여름방학특강,길이의 차
T1ME22U03007,길이의 차를 구해 볼까요,14201900,기)교과서 진도학습,길이의 차
T1ME22U03018,길이의 차 구하기,14201900,탭)AI 약점 보완 학습,길이의 차
T1ME22U03017,자르고 남은 색 테이프의 길이 알아보기,14201900,탭)AI 약점 보완 학습,길이의 차
T1ME22U03002,"길이의 합과 차, 길이 어림하기",14201901,기)여름방학특강,길이 어림하기
T1ME22U03008,길이를 어림해 볼까요,14201901,기)교과서 진도학습,길이 어림하기
T1ME22U03019,몸의 부분으로 1 m 재어보기,14201901,탭)AI 약점 보완 학습,길이 어림하기
T1ME22U03020,길이 어림하기,14201901,탭)AI 약점 보완 학습,길이 어림하기
T1ME22U03021,긴 거리 어림하기,14201901,탭)AI 약점 보완 학습,길이 어림하기
T1ME22U04001,몇 시 몇 분 읽어 보기,14201902,기)여름방학특강,시각과 시간
T1ME22U04001,몇 시 몇 분 읽어 보기,14201902,기)여름방학특강,시각과 시간
T1ME22U04002,시간과 달력 알아보기,14201902,기)여름방학특강,시각과 시간
T1ME22U04002,시간과 달력 알아보기,14201902,기)여름방학특강,시각과 시간
T1ME22U04004,몇 시 몇 분을 읽어 볼까요(1),14201902,기)교과서 진도학습,시각과 시간
T1ME22U04004,몇 시 몇 분을 읽어 볼까요(1),14201902,기)교과서 진도학습,시각과 시간
T1ME22U04005,몇 시 몇 분을 읽어 볼까요(2),14201902,기)교과서 진도학습,시각과 시간
T1ME22U04005,몇 시 몇 분을 읽어 볼까요(2),14201902,기)교과서 진도학습,시각과 시간
T1ME22U04015,시계가 나타내는 시각 써 보기(2),14201902,탭)AI 약점 보완 학습,시각과 시간
T1ME22U04015,시계가 나타내는 시각 써 보기(2),14201902,탭)AI 약점 보완 학습,시각과 시간
T1ME22U04006,여러 가지 방법으로 시각을 읽어 볼까요,14201902,기)교과서 진도학습,시각과 시간
T1ME22U04006,여러 가지 방법으로 시각을 읽어 볼까요,14201902,기)교과서 진도학습,시각과 시간
T1ME22U04007,1시간을 알아볼까요,14201902,기)교과서 진도학습,시각과 시간
T1ME22U04007,1시간을 알아볼까요,14201902,기)교과서 진도학습,시각과 시간
T1ME22U04017,1시간 알아보기,14201902,탭)AI 약점 보완 학습,시각과 시간
T1ME22U04017,1시간 알아보기,14201902,탭)AI 약점 보완 학습,시각과 시간
T1ME22U04019,실샐활에서 걸린 시간 구하기,14201902,탭)AI 약점 보완 학습,시각과 시간
T1ME22U04019,실샐활에서 걸린 시간 구하기,14201902,탭)AI 약점 보완 학습,시각과 시간
T1ME12U03001,여러 가지 모양 찾아보기,14201868,기)여름방학특강,여러 가지 모양 찾아보기
T1ME12U03005,"□, △, ○ 모양을 찾아볼까요",14201868,기)교과서 진도학습,여러 가지 모양 찾아보기
T1ME12U03012,"□, △, ○ 모양 찾아보기",14201868,탭)AI 약점 보완 학습,여러 가지 모양 찾아보기
T1ME12U03013,같은 모양끼리 모아 보기,14201868,탭)AI 약점 보완 학습,여러 가지 모양 찾아보기
T1ME12U03002,여러 가지 모양 알아보기,14201869,기)여름방학특강,여러 가지 모양 알아보기
T1ME12U03005,"□, △, ○ 모양을 찾아볼까요",14201869,기)교과서 진도학습,여러 가지 모양 알아보기
T1ME12U03013,같은 모양끼리 모아 보기,14201869,탭)AI 약점 보완 학습,여러 가지 모양 알아보기
T1ME12U03006,"□, △, ○ 모양을 알아볼까요",14201869,기)교과서 진도학습,여러 가지 모양 알아보기
T1ME12U03014,여러 가지 방법으로 나타낸 모양 알아보기,14201869,탭)AI 약점 보완 학습,여러 가지 모양 알아보기
T1ME12U03015,설명에 맞는 모양 찾기,14201869,탭)AI 약점 보완 학습,여러 가지 모양 알아보기
T1ME12U03012,"□, △, ○ 모양 찾아보기",14201869,탭)AI 약점 보완 학습,여러 가지 모양 알아보기
T1ME12U03002,여러 가지 모양 알아보기,14201870,기)여름방학특강,여러 가지 모양 만들기
T1ME12U03007,여러 가지 모양을 만들어 볼까요,14201870,기)교과서 진도학습,여러 가지 모양 만들기
T1ME12U03017,여러 가지 모양 만들기,14201870,탭)AI 약점 보완 학습,여러 가지 모양 만들기
T1ME12U03016,사용한 모양의 수 알아보기,14201870,탭)AI 약점 보완 학습,여러 가지 모양 만들기
T1ME12U03003,몇 시 30분 알아보기,14201871,기)여름방학특강,몇 시 알아보기
T1ME12U03008,몇 시를 알아볼까요,14201871,기)교과서 진도학습,몇 시 알아보기
T1ME12U03018,시계를 보고 몇 시를 읽고 쓰기,14201871,탭)AI 약점 보완 학습,몇 시 알아보기
T1ME12U03019,몇 시의 활용,14201871,탭)AI 약점 보완 학습,몇 시 알아보기
T1ME12U03003,몇 시 30분 알아보기,14201872,기)여름방학특강,몇 시 30분 알아보기
T1ME12U03009,몇 시 30분을 알아볼까요,14201872,기)교과서 진도학습,몇 시 30분 알아보기
T1ME12U03020,시계를 보고 몇 시 30분을 읽고 쓰기,14201872,탭)AI 약점 보완 학습,몇 시 30분 알아보기
T1ME12U03021,몇 시 30분의 활용,14201872,탭)AI 약점 보완 학습,몇 시 30분 알아보기
T1ME12U03003,몇 시 30분 알아보기,14201873,기)여름방학특강,"몇 시, 몇 시 30분의 응용"
T1ME12U03009,몇 시 30분을 알아볼까요,14201873,기)교과서 진도학습,"몇 시, 몇 시 30분의 응용"
T1ME12U03021,몇 시 30분의 활용,14201873,탭)AI 약점 보완 학습,"몇 시, 몇 시 30분의 응용"
T1ME12U04001,덧셈 알아보기,14201875,기)여름방학특강,받아올림이 있는 덧셈
T1ME12U04001,덧셈 알아보기,14201875,기)여름방학특강,받아올림이 있는 덧셈
T1ME12U04005,덧셈을 해 볼까요,14201875,기)교과서 진도학습,받아올림이 있는 덧셈
T1ME12U04005,덧셈을 해 볼까요,14201875,기)교과서 진도학습,받아올림이 있는 덧셈
T1ME12U04015,앞의 수를 가르는 받아올림이 있는 덧셈하기,14201875,탭)AI 약점 보완 학습,받아올림이 있는 덧셈
T1ME12U04015,앞의 수를 가르는 받아올림이 있는 덧셈하기,14201875,탭)AI 약점 보완 학습,받아올림이 있는 덧셈
T1ME12U04013,여러 가지 방법으로 받아올림이 있는 덧셈(합병 상황)하기,14201875,탭)AI 약점 보완 학습,받아올림이 있는 덧셈
T1ME12U04013,여러 가지 방법으로 받아올림이 있는 덧셈(합병 상황)하기,14201875,탭)AI 약점 보완 학습,받아올림이 있는 덧셈
T1ME12U04006,여러 가지 덧셈을 해 볼까요,14201875,기)교과서 진도학습,받아올림이 있는 덧셈
T1ME12U04006,여러 가지 덧셈을 해 볼까요,14201875,기)교과서 진도학습,받아올림이 있는 덧셈
T1ME12U04004,덧셈을 알아볼까요,14201875,기)교과서 진도학습,받아올림이 있는 덧셈
T1ME12U04004,덧셈을 알아볼까요,14201875,기)교과서 진도학습,받아올림이 있는 덧셈
T1ME12U04002,뻴셈 알아보기,14201876,기)여름방학특강,받아내림이 있는 뺄셈
T1ME12U04002,뻴셈 알아보기,14201876,기)여름방학특강,받아내림이 있는 뺄셈
T1ME12U04007,뺄셈을 알아볼까요,14201876,기)교과서 진도학습,받아내림이 있는 뺄셈
T1ME12U04007,뺄셈을 알아볼까요,14201876,기)교과서 진도학습,받아내림이 있는 뺄셈
T1ME12U04017,여러 가지 방법으로 받아내림이 있는 뺄셈(제거 상황)하기,14201876,탭)AI 약점 보완 학습,받아내림이 있는 뺄셈
T1ME12U04017,여러 가지 방법으로 받아내림이 있는 뺄셈(제거 상황)하기,14201876,탭)AI 약점 보완 학습,받아내림이 있는 뺄셈
T1ME12U04008,뺄셈을 해 볼까요,14201876,기)교과서 진도학습,받아내림이 있는 뺄셈
T1ME12U04008,뺄셈을 해 볼까요,14201876,기)교과서 진도학습,받아내림이 있는 뺄셈
T1ME12U04019,뒤의 수를 가르는 받아내림이 있는 뺄셈하기,14201876,탭)AI 약점 보완 학습,받아내림이 있는 뺄셈
T1ME12U04019,뒤의 수를 가르는 받아내림이 있는 뺄셈하기,14201876,탭)AI 약점 보완 학습,받아내림이 있는 뺄셈
T1ME12U04020,앞의 수를 가르는 받아내림이 있는 뺄셈하기,14201876,탭)AI 약점 보완 학습,받아내림이 있는 뺄셈
T1ME12U04020,앞의 수를 가르는 받아내림이 있는 뺄셈하기,14201876,탭)AI 약점 보완 학습,받아내림이 있는 뺄셈
T1ME12U04009,여러 가지 뺄셈을 해 볼까요,14201876,기)교과서 진도학습,받아내림이 있는 뺄셈
T1ME12U04009,여러 가지 뺄셈을 해 볼까요,14201876,기)교과서 진도학습,받아내림이 있는 뺄셈
T1ME12U04021,여러 가지 받아내림이 있는 뺄셈하기,14201876,탭)AI 약점 보완 학습,받아내림이 있는 뺄셈
T1ME12U04021,여러 가지 받아내림이 있는 뺄셈하기,14201876,탭)AI 약점 보완 학습,받아내림이 있는 뺄셈
T1ME12U05001,규칙을 찾아 여러 가지 방법으로 나타내기,14201878,기)여름방학특강,규칙 만들기(1)
T1ME12U05003,규칙을 찾아볼까요,14201878,기)교과서 진도학습,규칙 만들기(1)
T1ME12U05012,규칙을 찾아 설명하기,14201878,탭)AI 약점 보완 학습,규칙 만들기(1)
T1ME12U05004,규칙을 만들어 볼까요(1),14201878,기)교과서 진도학습,규칙 만들기(1)
T1ME12U05001,규칙을 찾아 여러 가지 방법으로 나타내기,14201880,기)여름방학특강,규칙 찾기(수)
T1ME12U05001,규칙을 찾아 여러 가지 방법으로 나타내기,14201880,기)여름방학특강,규칙 찾기(수)
T1ME12U05006,수 배열에서 규칙을 찾아볼까요,14201880,기)교과서 진도학습,규칙 찾기(수)
T1ME12U05006,수 배열에서 규칙을 찾아볼까요,14201880,기)교과서 진도학습,규칙 찾기(수)
T1ME12U05017,수 배열에서 규칙 찾기,14201880,탭)AI 약점 보완 학습,규칙 찾기(수)
T1ME12U05017,수 배열에서 규칙 찾기,14201880,탭)AI 약점 보완 학습,규칙 찾기(수)
T1ME12U05007,수 배열표에서 규칙을 찾아볼까요,14201880,기)교과서 진도학습,규칙 찾기(수)
T1ME12U05007,수 배열표에서 규칙을 찾아볼까요,14201880,기)교과서 진도학습,규칙 찾기(수)
T1ME12U05018,수 배열표에서 규칙 찾기,14201880,탭)AI 약점 보완 학습,규칙 찾기(수)
T1ME12U05018,수 배열표에서 규칙 찾기,14201880,탭)AI 약점 보완 학습,규칙 찾기(수)
T1ME12U05008,규칙을 여러 가지 방법으로 나타내 볼까요,14201880,기)교과서 진도학습,규칙 찾기(수)
T1ME12U05008,규칙을 여러 가지 방법으로 나타내 볼까요,14201880,기)교과서 진도학습,규칙 찾기(수)
T1ME12U06001,덧셈 알아보기,14201881,기)여름방학특강,덧셈하기(1)
T1ME12U06001,덧셈 알아보기,14201881,기)여름방학특강,덧셈하기(1)
T1ME12U06001,덧셈 알아보기,14201882,기)여름방학특강,덧셈하기(2)
T1ME12U06001,덧셈 알아보기,14201883,기)여름방학특강,덧셈하기(3)
T1ME12U06001,덧셈 알아보기,14201883,기)여름방학특강,덧셈하기(3)
T1ME12U06002,뺄셈 알아보기,14201885,기)여름방학특강,뺄셈하기(1)
T1ME12U06002,뺄셈 알아보기,14201886,기)여름방학특강,뺄셈하기(2)
T1ME12U06002,뺄셈 알아보기,14201887,기)여름방학특강,뺄셈하기(3)
T1ME12U06002,뺄셈 알아보기,14201887,기)여름방학특강,뺄셈하기(3)
T1ME22U05001,표로 나타내기,14201905,기)여름방학특강,표로 나타내기
T1ME22U05002,그래프로 나타내기/표와 그래프의 특징,14201905,기)여름방학특강,표로 나타내기
T1ME22U05004,자료를 분류하여 표로 나타내 볼까요,14201905,기)교과서 진도학습,표로 나타내기
T1ME22U05005,자료를 조사하여 표로 나타내 볼까요,14201905,기)교과서 진도학습,표로 나타내기
T1ME22U05012,자료 조사하는 방법 알아보기,14201905,탭)AI 약점 보완 학습,표로 나타내기
T1ME22U05007,표와 그래프를 보고 무엇을 알 수 있을까요,14201905,기)교과서 진도학습,표로 나타내기
T1ME22U05008,표와 그래프로 나타내 볼까요,14201905,기)교과서 진도학습,표로 나타내기
T1ME22U05014,자료를 분류하여 그래프로 나타내기,14201905,탭)AI 약점 보완 학습,표로 나타내기
T1ME22U05017,자료를 조사하여 표와 그래프로 나타내기,14201905,탭)AI 약점 보완 학습,표로 나타내기
T1ME22U04002,시간과 달력 알아보기,14201903,기)여름방학특강,하루의 시간 알아보기
T1ME22U04008,하루의 시간을 알아볼까요,14201903,기)교과서 진도학습,하루의 시간 알아보기
T1ME22U04020,하루의 시간 알아보기,14201903,탭)AI 약점 보완 학습,하루의 시간 알아보기
T1ME22U04022,하루가 넘는 시간 구해 보기,14201903,탭)AI 약점 보완 학습,하루의 시간 알아보기
T1ME22U04002,시간과 달력 알아보기,14201904,기)여름방학특강,달력 알아보기
T1ME22U04009,달력을 알아볼까요,14201904,기)교과서 진도학습,달력 알아보기
T1ME22U04023,달력 알아보기,14201904,탭)AI 약점 보완 학습,달력 알아보기
T1ME22U04024,달력으로 문제해결하기,14201904,탭)AI 약점 보완 학습,달력 알아보기
T1ME22U05002,그래프로 나타내기/표와 그래프의 특징,14201906,기)여름방학특강,그래프로 나타내기
T1ME22U05006,자료를 분류하여 그래프로 나타내 볼까요,14201906,기)교과서 진도학습,그래프로 나타내기
T1ME22U05014,자료를 분류하여 그래프로 나타내기,14201906,탭)AI 약점 보완 학습,그래프로 나타내기
T1ME22U05007,표와 그래프를 보고 무엇을 알 수 있을까요,14201906,기)교과서 진도학습,그래프로 나타내기
T1ME22U05008,표와 그래프로 나타내 볼까요,14201906,기)교과서 진도학습,그래프로 나타내기
T1ME22U05017,자료를 조사하여 표와 그래프로 나타내기,14201906,탭)AI 약점 보완 학습,그래프로 나타내기
T1ME22U06001,"무늬, 쌓은 모양에서 규칙 찾기",14201907,기)여름방학특강,규칙 찾기
T1ME22U06001,"무늬, 쌓은 모양에서 규칙 찾기",14201907,기)여름방학특강,규칙 찾기
T1ME22U06002,"덧셈표, 곱셈표, 생활에서 규칙 찾기",14201907,기)여름방학특강,규칙 찾기
T1ME22U06002,"덧셈표, 곱셈표, 생활에서 규칙 찾기",14201907,기)여름방학특강,규칙 찾기
T1ME12U01008,수의 크기를 비교해 볼까요,14201861,기)교과서 진도학습,여러 개의 수의 크기 비교하기
T1ME12U01020,100까지 수의 크기 비교 활용,14201861,탭)AI 약점 보완 학습,여러 개의 수의 크기 비교하기
T1ME12U01009,짝수와 홀수를 알아볼까요,14201862,기)교과서 진도학습,짝수와 홀수
T1ME12U01021,짝수와 홀수 알아보기,14201862,탭)AI 약점 보완 학습,짝수와 홀수
T1ME12U01022,짝수와 홀수 구분하기,14201862,탭)AI 약점 보완 학습,짝수와 홀수
T1ME12U02006,10이 되는 더하기를 해 볼까요,14201864,기)교과서 진도학습,두 수를 더하기
T1ME12U02015,10이 되는 덧셈식,14201864,탭)AI 약점 보완 학습,두 수를 더하기
T1ME12U19004,4. 덧셈과 뺄셈(2),14201874,탭)누구나 백점,10을 이용하여 모으기와 가르기
T1ME12U05003,규칙을 찾아볼까요,14201877,기)교과서 진도학습,규칙 찾기
T1ME12U05012,규칙을 찾아 설명하기,14201877,탭)AI 약점 보완 학습,규칙 찾기
T1ME12U05005,규칙을 만들어 볼까요(2),14201879,기)교과서 진도학습,규칙 만들기(2)
